-- MySQL dump 10.13  Distrib 5.5.46, for debian-linux-gnu (x86_64)
--
-- Host: localhost    Database: abfcommon
-- ------------------------------------------------------
-- Server version 5.5.46-0ubuntu0.14.04.2

/*!40101 SET @OLD_CHARACTER_SET_CLIENT=@@CHARACTER_SET_CLIENT */;
/*!40101 SET @OLD_CHARACTER_SET_RESULTS=@@CHARACTER_SET_RESULTS */;
/*!40101 SET @OLD_COLLATION_CONNECTION=@@COLLATION_CONNECTION */;
/*!40101 SET NAMES utf8 */;
/*!40103 SET @OLD_TIME_ZONE=@@TIME_ZONE */;
/*!40103 SET TIME_ZONE='+00:00' */;
/*!40014 SET @OLD_UNIQUE_CHECKS=@@UNIQUE_CHECKS, UNIQUE_CHECKS=0 */;
/*!40014 SET @OLD_FOREIGN_KEY_CHECKS=@@FOREIGN_KEY_CHECKS, FOREIGN_KEY_CHECKS=0 */;
/*!40101 SET @OLD_SQL_MODE=@@SQL_MODE, SQL_MODE='NO_AUTO_VALUE_ON_ZERO' */;
/*!40111 SET @OLD_SQL_NOTES=@@SQL_NOTES, SQL_NOTES=0 */;

--
-- Table structure for table `abf_activity_lottery`
--

DROP TABLE IF EXISTS `abf_activity_lottery`;
/*!40101 SET @saved_cs_client     = @@character_set_client */;
/*!40101 SET character_set_client = utf8 */;
CREATE TABLE `abf_activity_lottery` (
  `id` int(11) NOT NULL AUTO_INCREMENT COMMENT 'id',
  `name` varchar(200) DEFAULT NULL COMMENT '活动名称',
  `keywords` varchar(100) DEFAULT NULL COMMENT '关键词',
  `description` text NOT NULL COMMENT '活动描述',
  `type` tinyint(1) NOT NULL DEFAULT '0' COMMENT '活动状态,0：未开始，1：正在进行，2：已经结束',
  `created` int(11) NOT NULL DEFAULT '0' COMMENT '活动发布时间',
  PRIMARY KEY (`id`)
) ENGINE=MyISAM AUTO_INCREMENT=2 DEFAULT CHARSET=utf8;
/*!40101 SET character_set_client = @saved_cs_client */;

--
-- Dumping data for table `abf_activity_lottery`
--

LOCK TABLES `abf_activity_lottery` WRITE;
/*!40000 ALTER TABLE `abf_activity_lottery` DISABLE KEYS */;
/*!40000 ALTER TABLE `abf_activity_lottery` ENABLE KEYS */;
UNLOCK TABLES;

--
-- Table structure for table `abf_activity_lottery_info`
--

DROP TABLE IF EXISTS `abf_activity_lottery_info`;
/*!40101 SET @saved_cs_client     = @@character_set_client */;
/*!40101 SET character_set_client = utf8 */;
CREATE TABLE `abf_activity_lottery_info` (
  `id` int(11) NOT NULL AUTO_INCREMENT,
  `uid` int(11) DEFAULT '0',
  `aid` int(11) NOT NULL DEFAULT '0' COMMENT '活动id',
  `prize_v` varchar(200) DEFAULT '0' COMMENT '中奖说明',
  `prize_state` tinyint(4) DEFAULT '0' COMMENT '中奖状态0:未中奖,1:已中奖',
  `prize_name` varchar(100) DEFAULT NULL COMMENT '中奖说明',
  `created` int(11) DEFAULT '0' COMMENT '记录时间',
  PRIMARY KEY (`id`)
) ENGINE=MyISAM AUTO_INCREMENT=27 DEFAULT CHARSET=utf8;
/*!40101 SET character_set_client = @saved_cs_client */;

--
-- Dumping data for table `abf_activity_lottery_info`
--

LOCK TABLES `abf_activity_lottery_info` WRITE;
/*!40000 ALTER TABLE `abf_activity_lottery_info` DISABLE KEYS */;
/*!40000 ALTER TABLE `abf_activity_lottery_info` ENABLE KEYS */;
UNLOCK TABLES;

--
-- Table structure for table `abf_activity_lottery_item`
--

DROP TABLE IF EXISTS `abf_activity_lottery_item`;
/*!40101 SET @saved_cs_client     = @@character_set_client */;
/*!40101 SET character_set_client = utf8 */;
CREATE TABLE `abf_activity_lottery_item` (
  `id` tinyint(6) NOT NULL AUTO_INCREMENT,
  `aid` int(11) NOT NULL DEFAULT '0' COMMENT '活动id',
  `ver` int(11) DEFAULT NULL COMMENT '奖品等级',
  `name` text COMMENT '奖品名称',
  `count` int(11) DEFAULT '0' COMMENT '奖品数量',
  `v` bigint(20) DEFAULT NULL COMMENT '中奖基数',
  `created` int(10) DEFAULT NULL COMMENT '时间',
  `type` tinyint(4) DEFAULT '0' COMMENT '0：表示抽大奖，1：表示抽积分',
  PRIMARY KEY (`id`)
) ENGINE=MyISAM AUTO_INCREMENT=66 DEFAULT CHARSET=utf8;
/*!40101 SET character_set_client = @saved_cs_client */;

--
-- Dumping data for table `abf_activity_lottery_item`
--

LOCK TABLES `abf_activity_lottery_item` WRITE;
/*!40000 ALTER TABLE `abf_activity_lottery_item` DISABLE KEYS */;
/*!40000 ALTER TABLE `abf_activity_lottery_item` ENABLE KEYS */;
UNLOCK TABLES;

--
-- Table structure for table `abf_activity_record`
--

DROP TABLE IF EXISTS `abf_activity_record`;
/*!40101 SET @saved_cs_client     = @@character_set_client */;
/*!40101 SET character_set_client = utf8 */;
CREATE TABLE `abf_activity_record` (
  `id` int(11) NOT NULL AUTO_INCREMENT COMMENT 'id',
  `itemid` int(11) DEFAULT '0' COMMENT '选项id',
  `vid` int(11) NOT NULL DEFAULT '0' COMMENT '投票编号',
  `uid` int(11) NOT NULL DEFAULT '0' COMMENT '用户id',
  `created` int(11) NOT NULL DEFAULT '0' COMMENT '时间',
  PRIMARY KEY (`id`)
) ENGINE=MyISAM DEFAULT CHARSET=utf8;
/*!40101 SET character_set_client = @saved_cs_client */;

--
-- Dumping data for table `abf_activity_record`
--

LOCK TABLES `abf_activity_record` WRITE;
/*!40000 ALTER TABLE `abf_activity_record` DISABLE KEYS */;
/*!40000 ALTER TABLE `abf_activity_record` ENABLE KEYS */;
UNLOCK TABLES;

--
-- Table structure for table `abf_activity_vote`
--

DROP TABLE IF EXISTS `abf_activity_vote`;
/*!40101 SET @saved_cs_client     = @@character_set_client */;
/*!40101 SET character_set_client = utf8 */;
CREATE TABLE `abf_activity_vote` (
  `id` int(11) NOT NULL AUTO_INCREMENT COMMENT 'id',
  `title` varchar(100) DEFAULT NULL COMMENT '标题',
  `keyword` varchar(200) DEFAULT NULL COMMENT '关键词',
  `type` enum('text','img') NOT NULL COMMENT '类型',
  `picurl` varchar(200) DEFAULT NULL COMMENT '图片',
  `description` date NOT NULL COMMENT '描述',
  `published` tinyint(1) NOT NULL DEFAULT '0' COMMENT '0:未开始，1:进行中，2:已结束',
  `created` int(11) NOT NULL COMMENT '时间',
  PRIMARY KEY (`id`)
) ENGINE=MyISAM DEFAULT CHARSET=utf8;
/*!40101 SET character_set_client = @saved_cs_client */;

--
-- Dumping data for table `abf_activity_vote`
--

LOCK TABLES `abf_activity_vote` WRITE;
/*!40000 ALTER TABLE `abf_activity_vote` DISABLE KEYS */;
/*!40000 ALTER TABLE `abf_activity_vote` ENABLE KEYS */;
UNLOCK TABLES;

--
-- Table structure for table `abf_activity_vote_item`
--

DROP TABLE IF EXISTS `abf_activity_vote_item`;
/*!40101 SET @saved_cs_client     = @@character_set_client */;
/*!40101 SET character_set_client = utf8 */;
CREATE TABLE `abf_activity_vote_item` (
  `id` int(11) NOT NULL AUTO_INCREMENT COMMENT 'id',
  `vid` int(11) NOT NULL DEFAULT '0' COMMENT 'vote_id',
  `item` varchar(100) DEFAULT NULL COMMENT '项目名',
  `vcount` int(11) NOT NULL DEFAULT '0' COMMENT '得票',
  `picurl` varchar(200) DEFAULT NULL COMMENT '图片地址',
  `sort_order` int(11) DEFAULT '0' COMMENT '排序',
  `created` int(11) NOT NULL DEFAULT '0',
  PRIMARY KEY (`id`)
) ENGINE=MyISAM DEFAULT CHARSET=utf8;
/*!40101 SET character_set_client = @saved_cs_client */;

--
-- Dumping data for table `abf_activity_vote_item`
--

LOCK TABLES `abf_activity_vote_item` WRITE;
/*!40000 ALTER TABLE `abf_activity_vote_item` DISABLE KEYS */;
/*!40000 ALTER TABLE `abf_activity_vote_item` ENABLE KEYS */;
UNLOCK TABLES;

--
-- Table structure for table `abf_archive`
--

DROP TABLE IF EXISTS `abf_archive`;
/*!40101 SET @saved_cs_client     = @@character_set_client */;
/*!40101 SET character_set_client = utf8 */;
CREATE TABLE `abf_archive` (
  `id` int(11) unsigned NOT NULL AUTO_INCREMENT,
  `channel_id` int(11) NOT NULL DEFAULT '0' COMMENT '频道编号',
  `category_id` int(11) unsigned NOT NULL DEFAULT '0' COMMENT '分类编号',
  `mapping` varchar(40) DEFAULT '' COMMENT '目录路径',
  `published` tinyint(1) unsigned NOT NULL DEFAULT '1' COMMENT '状态：0，不发布；1，发布',
  `hot` tinyint(1) unsigned NOT NULL DEFAULT '0' COMMENT '热门推荐：0，否；1，是',
  `recent` tinyint(1) unsigned NOT NULL DEFAULT '0' COMMENT '最新推荐：0，否；1，是',
  `hits` smallint(6) unsigned NOT NULL DEFAULT '0' COMMENT '点击次数',
  `top` smallint(6) NOT NULL DEFAULT '0' COMMENT '置顶编号',
  `title` varchar(40) DEFAULT NULL COMMENT '主题',
  `content` text COMMENT '内容',
  `created` int(11) unsigned NOT NULL DEFAULT '0' COMMENT '创建时间',
  `image` varchar(255) DEFAULT NULL COMMENT '图像附件',
  `keywords` varchar(40) DEFAULT NULL COMMENT '关键词',
  `import_url` varchar(255) DEFAULT '' COMMENT '数据url',
  `description` varchar(40) DEFAULT NULL COMMENT '描述',
  PRIMARY KEY (`id`),
  KEY `mapping` (`mapping`),
  KEY `news_cat_id` (`category_id`),
  KEY `published` (`published`),
  KEY `title` (`title`)
) ENGINE=MyISAM AUTO_INCREMENT=15 DEFAULT CHARSET=utf8 COMMENT='文章信息表';
/*!40101 SET character_set_client = @saved_cs_client */;

--
-- Dumping data for table `abf_archive`
--

LOCK TABLES `abf_archive` WRITE;
/*!40000 ALTER TABLE `abf_archive` DISABLE KEYS */;
INSERT INTO `abf_archive` VALUES (13,1,22,'',1,0,0,0,0,'武汉市武汉市武汉市武汉市武汉市','武汉市武汉市武汉市',1447058555,'','武汉市','','武汉市');
/*!40000 ALTER TABLE `abf_archive` ENABLE KEYS */;
UNLOCK TABLES;

--
-- Table structure for table `abf_areas`
--

DROP TABLE IF EXISTS `abf_areas`;
/*!40101 SET @saved_cs_client     = @@character_set_client */;
/*!40101 SET character_set_client = utf8 */;
CREATE TABLE `abf_areas` (
  `id` smallint(5) unsigned NOT NULL AUTO_INCREMENT,
  `parent_id` smallint(5) unsigned NOT NULL DEFAULT '0',
  `name` varchar(120) NOT NULL DEFAULT '',
  `type` tinyint(1) NOT NULL DEFAULT '2',
  PRIMARY KEY (`id`),
  KEY `parent_id` (`parent_id`),
  KEY `type` (`type`)
) ENGINE=MyISAM AUTO_INCREMENT=3409 DEFAULT CHARSET=utf8;
/*!40101 SET character_set_client = @saved_cs_client */;

--
-- Dumping data for table `abf_areas`
--

LOCK TABLES `abf_areas` WRITE;
/*!40000 ALTER TABLE `abf_areas` DISABLE KEYS */;
INSERT INTO `abf_areas` VALUES (1,0,'中国',0),(2,1,'北京',1),(3,1,'安徽',1),(4,1,'福建',1),(5,1,'甘肃',1),(6,1,'广东',1),(7,1,'广西',1),(8,1,'贵州',1),(9,1,'海南',1),(10,1,'河北',1),(11,1,'河南',1),(12,1,'黑龙江',1),(13,1,'湖北',1),(14,1,'湖南',1),(15,1,'吉林',1),(16,1,'江苏',1),(17,1,'江西',1),(18,1,'辽宁',1),(19,1,'内蒙古',1),(20,1,'宁夏',1),(21,1,'青海',1),(22,1,'山东',1),(23,1,'山西',1),(24,1,'陕西',1),(25,1,'上海',1),(26,1,'四川',1),(27,1,'天津',1),(28,1,'西藏',1),(29,1,'新疆',1),(30,1,'云南',1),(31,1,'浙江',1),(32,1,'重庆',1),(33,1,'香港',1),(34,1,'澳门',1),(35,1,'台湾',1),(36,3,'安庆',2),(37,3,'蚌埠',2),(38,3,'巢湖',2),(39,3,'池州',2),(40,3,'滁州',2),(41,3,'阜阳',2),(42,3,'淮北',2),(43,3,'淮南',2),(44,3,'黄山',2),(45,3,'六安',2),(46,3,'马鞍山',2),(47,3,'宿州',2),(48,3,'铜陵',2),(49,3,'芜湖',2),(50,3,'宣城',2),(51,3,'亳州',2),(52,2,'北京',2),(53,4,'福州',2),(54,4,'龙岩',2),(55,4,'南平',2),(56,4,'宁德',2),(57,4,'莆田',2),(58,4,'泉州',2),(59,4,'三明',2),(60,4,'厦门',2),(61,4,'漳州',2),(62,5,'兰州',2),(63,5,'白银',2),(64,5,'定西',2),(65,5,'甘南',2),(66,5,'嘉峪关',2),(67,5,'金昌',2),(68,5,'酒泉',2),(69,5,'临夏',2),(70,5,'陇南',2),(71,5,'平凉',2),(72,5,'庆阳',2),(73,5,'天水',2),(74,5,'武威',2),(75,5,'张掖',2),(76,6,'广州',2),(77,6,'深圳',2),(78,6,'潮州',2),(79,6,'东莞',2),(80,6,'佛山',2),(81,6,'河源',2),(82,6,'惠州',2),(83,6,'江门',2),(84,6,'揭阳',2),(85,6,'茂名',2),(86,6,'梅州',2),(87,6,'清远',2),(88,6,'汕头',2),(89,6,'汕尾',2),(90,6,'韶关',2),(91,6,'阳江',2),(92,6,'云浮',2),(93,6,'湛江',2),(94,6,'肇庆',2),(95,6,'中山',2),(96,6,'珠海',2),(97,7,'南宁',2),(98,7,'桂林',2),(99,7,'百色',2),(100,7,'北海',2),(101,7,'崇左',2),(102,7,'防城港',2),(103,7,'贵港',2),(104,7,'河池',2),(105,7,'贺州',2),(106,7,'来宾',2),(107,7,'柳州',2),(108,7,'钦州',2),(109,7,'梧州',2),(110,7,'玉林',2),(111,8,'贵阳',2),(112,8,'安顺',2),(113,8,'毕节',2),(114,8,'六盘水',2),(115,8,'黔东南',2),(116,8,'黔南',2),(117,8,'黔西南',2),(118,8,'铜仁',2),(119,8,'遵义',2),(120,9,'海口',2),(121,9,'三亚',2),(122,9,'白沙',2),(123,9,'保亭',2),(124,9,'昌江',2),(125,9,'澄迈县',2),(126,9,'定安县',2),(127,9,'东方',2),(128,9,'乐东',2),(129,9,'临高县',2),(130,9,'陵水',2),(131,9,'琼海',2),(132,9,'琼中',2),(133,9,'屯昌县',2),(134,9,'万宁',2),(135,9,'文昌',2),(136,9,'五指山',2),(137,9,'儋州',2),(138,10,'石家庄',2),(139,10,'保定',2),(140,10,'沧州',2),(141,10,'承德',2),(142,10,'邯郸',2),(143,10,'衡水',2),(144,10,'廊坊',2),(145,10,'秦皇岛',2),(146,10,'唐山',2),(147,10,'邢台',2),(148,10,'张家口',2),(149,11,'郑州',2),(150,11,'洛阳',2),(151,11,'开封',2),(152,11,'安阳',2),(153,11,'鹤壁',2),(154,11,'济源',2),(155,11,'焦作',2),(156,11,'南阳',2),(157,11,'平顶山',2),(158,11,'三门峡',2),(159,11,'商丘',2),(160,11,'新乡',2),(161,11,'信阳',2),(162,11,'许昌',2),(163,11,'周口',2),(164,11,'驻马店',2),(165,11,'漯河',2),(166,11,'濮阳',2),(167,12,'哈尔滨',2),(168,12,'大庆',2),(169,12,'大兴安岭',2),(170,12,'鹤岗',2),(171,12,'黑河',2),(172,12,'鸡西',2),(173,12,'佳木斯',2),(174,12,'牡丹江',2),(175,12,'七台河',2),(176,12,'齐齐哈尔',2),(177,12,'双鸭山',2),(178,12,'绥化',2),(179,12,'伊春',2),(180,13,'武汉',2),(181,13,'仙桃',2),(182,13,'鄂州',2),(183,13,'黄冈',2),(184,13,'黄石',2),(185,13,'荆门',2),(186,13,'荆州',2),(187,13,'潜江',2),(188,13,'神农架林区',2),(189,13,'十堰',2),(190,13,'随州',2),(191,13,'天门',2),(192,13,'咸宁',2),(193,13,'襄樊',2),(194,13,'孝感',2),(195,13,'宜昌',2),(196,13,'恩施',2),(197,14,'长沙',2),(198,14,'张家界',2),(199,14,'常德',2),(200,14,'郴州',2),(201,14,'衡阳',2),(202,14,'怀化',2),(203,14,'娄底',2),(204,14,'邵阳',2),(205,14,'湘潭',2),(206,14,'湘西',2),(207,14,'益阳',2),(208,14,'永州',2),(209,14,'岳阳',2),(210,14,'株洲',2),(211,15,'长春',2),(212,15,'吉林',2),(213,15,'白城',2),(214,15,'白山',2),(215,15,'辽源',2),(216,15,'四平',2),(217,15,'松原',2),(218,15,'通化',2),(219,15,'延边',2),(220,16,'南京',2),(221,16,'苏州',2),(222,16,'无锡',2),(223,16,'常州',2),(224,16,'淮安',2),(225,16,'连云港',2),(226,16,'南通',2),(227,16,'宿迁',2),(228,16,'泰州',2),(229,16,'徐州',2),(230,16,'盐城',2),(231,16,'扬州',2),(232,16,'镇江',2),(233,17,'南昌',2),(234,17,'抚州',2),(235,17,'赣州',2),(236,17,'吉安',2),(237,17,'景德镇',2),(238,17,'九江',2),(239,17,'萍乡',2),(240,17,'上饶',2),(241,17,'新余',2),(242,17,'宜春',2),(243,17,'鹰潭',2),(244,18,'沈阳',2),(245,18,'大连',2),(246,18,'鞍山',2),(247,18,'本溪',2),(248,18,'朝阳',2),(249,18,'丹东',2),(250,18,'抚顺',2),(251,18,'阜新',2),(252,18,'葫芦岛',2),(253,18,'锦州',2),(254,18,'辽阳',2),(255,18,'盘锦',2),(256,18,'铁岭',2),(257,18,'营口',2),(258,19,'呼和浩特',2),(259,19,'阿拉善盟',2),(260,19,'巴彦淖尔盟',2),(261,19,'包头',2),(262,19,'赤峰',2),(263,19,'鄂尔多斯',2),(264,19,'呼伦贝尔',2),(265,19,'通辽',2),(266,19,'乌海',2),(267,19,'乌兰察布市',2),(268,19,'锡林郭勒盟',2),(269,19,'兴安盟',2),(270,20,'银川',2),(271,20,'固原',2),(272,20,'石嘴山',2),(273,20,'吴忠',2),(274,20,'中卫',2),(275,21,'西宁',2),(276,21,'果洛',2),(277,21,'海北',2),(278,21,'海东',2),(279,21,'海南',2),(280,21,'海西',2),(281,21,'黄南',2),(282,21,'玉树',2),(283,22,'济南',2),(284,22,'青岛',2),(285,22,'滨州',2),(286,22,'德州',2),(287,22,'东营',2),(288,22,'菏泽',2),(289,22,'济宁',2),(290,22,'莱芜',2),(291,22,'聊城',2),(292,22,'临沂',2),(293,22,'日照',2),(294,22,'泰安',2),(295,22,'威海',2),(296,22,'潍坊',2),(297,22,'烟台',2),(298,22,'枣庄',2),(299,22,'淄博',2),(300,23,'太原',2),(301,23,'长治',2),(302,23,'大同',2),(303,23,'晋城',2),(304,23,'晋中',2),(305,23,'临汾',2),(306,23,'吕梁',2),(307,23,'朔州',2),(308,23,'忻州',2),(309,23,'阳泉',2),(310,23,'运城',2),(311,24,'西安',2),(312,24,'安康',2),(313,24,'宝鸡',2),(314,24,'汉中',2),(315,24,'商洛',2),(316,24,'铜川',2),(317,24,'渭南',2),(318,24,'咸阳',2),(319,24,'延安',2),(320,24,'榆林',2),(321,25,'上海',2),(322,26,'成都',2),(323,26,'绵阳',2),(324,26,'阿坝',2),(325,26,'巴中',2),(326,26,'达州',2),(327,26,'德阳',2),(328,26,'甘孜',2),(329,26,'广安',2),(330,26,'广元',2),(331,26,'乐山',2),(332,26,'凉山',2),(333,26,'眉山',2),(334,26,'南充',2),(335,26,'内江',2),(336,26,'攀枝花',2),(337,26,'遂宁',2),(338,26,'雅安',2),(339,26,'宜宾',2),(340,26,'资阳',2),(341,26,'自贡',2),(342,26,'泸州',2),(343,27,'天津',2),(344,28,'拉萨',2),(345,28,'阿里',2),(346,28,'昌都',2),(347,28,'林芝',2),(348,28,'那曲',2),(349,28,'日喀则',2),(350,28,'山南',2),(351,29,'乌鲁木齐',2),(352,29,'阿克苏',2),(353,29,'阿拉尔',2),(354,29,'巴音郭楞',2),(355,29,'博尔塔拉',2),(356,29,'昌吉',2),(357,29,'哈密',2),(358,29,'和田',2),(359,29,'喀什',2),(360,29,'克拉玛依',2),(361,29,'克孜勒苏',2),(362,29,'石河子',2),(363,29,'图木舒克',2),(364,29,'吐鲁番',2),(365,29,'五家渠',2),(366,29,'伊犁',2),(367,30,'昆明',2),(368,30,'怒江',2),(369,30,'普洱',2),(370,30,'丽江',2),(371,30,'保山',2),(372,30,'楚雄',2),(373,30,'大理',2),(374,30,'德宏',2),(375,30,'迪庆',2),(376,30,'红河',2),(377,30,'临沧',2),(378,30,'曲靖',2),(379,30,'文山',2),(380,30,'西双版纳',2),(381,30,'玉溪',2),(382,30,'昭通',2),(383,31,'杭州',2),(384,31,'湖州',2),(385,31,'嘉兴',2),(386,31,'金华',2),(387,31,'丽水',2),(388,31,'宁波',2),(389,31,'绍兴',2),(390,31,'台州',2),(391,31,'温州',2),(392,31,'舟山',2),(393,31,'衢州',2),(394,32,'重庆',2),(395,33,'香港',2),(396,34,'澳门',2),(397,35,'台湾',2),(398,36,'迎江区',3),(399,36,'大观区',3),(400,36,'宜秀区',3),(401,36,'桐城市',3),(402,36,'怀宁县',3),(403,36,'枞阳县',3),(404,36,'潜山县',3),(405,36,'太湖县',3),(406,36,'宿松县',3),(407,36,'望江县',3),(408,36,'岳西县',3),(409,37,'中市区',3),(410,37,'东市区',3),(411,37,'西市区',3),(412,37,'郊区',3),(413,37,'怀远县',3),(414,37,'五河县',3),(415,37,'固镇县',3),(416,38,'居巢区',3),(417,38,'庐江县',3),(418,38,'无为县',3),(419,38,'含山县',3),(420,38,'和县',3),(421,39,'贵池区',3),(422,39,'东至县',3),(423,39,'石台县',3),(424,39,'青阳县',3),(425,40,'琅琊区',3),(426,40,'南谯区',3),(427,40,'天长市',3),(428,40,'明光市',3),(429,40,'来安县',3),(430,40,'全椒县',3),(431,40,'定远县',3),(432,40,'凤阳县',3),(433,41,'蚌山区',3),(434,41,'龙子湖区',3),(435,41,'禹会区',3),(436,41,'淮上区',3),(437,41,'颍州区',3),(438,41,'颍东区',3),(439,41,'颍泉区',3),(440,41,'界首市',3),(441,41,'临泉县',3),(442,41,'太和县',3),(443,41,'阜南县',3),(444,41,'颖上县',3),(445,42,'相山区',3),(446,42,'杜集区',3),(447,42,'烈山区',3),(448,42,'濉溪县',3),(449,43,'田家庵区',3),(450,43,'大通区',3),(451,43,'谢家集区',3),(452,43,'八公山区',3),(453,43,'潘集区',3),(454,43,'凤台县',3),(455,44,'屯溪区',3),(456,44,'黄山区',3),(457,44,'徽州区',3),(458,44,'歙县',3),(459,44,'休宁县',3),(460,44,'黟县',3),(461,44,'祁门县',3),(462,45,'金安区',3),(463,45,'裕安区',3),(464,45,'寿县',3),(465,45,'霍邱县',3),(466,45,'舒城县',3),(467,45,'金寨县',3),(468,45,'霍山县',3),(469,46,'雨山区',3),(470,46,'花山区',3),(471,46,'金家庄区',3),(472,46,'当涂县',3),(473,47,'埇桥区',3),(474,47,'砀山县',3),(475,47,'萧县',3),(476,47,'灵璧县',3),(477,47,'泗县',3),(478,48,'铜官山区',3),(479,48,'狮子山区',3),(480,48,'郊区',3),(481,48,'铜陵县',3),(482,49,'镜湖区',3),(483,49,'弋江区',3),(484,49,'鸠江区',3),(485,49,'三山区',3),(486,49,'芜湖县',3),(487,49,'繁昌县',3),(488,49,'南陵县',3),(489,50,'宣州区',3),(490,50,'宁国市',3),(491,50,'郎溪县',3),(492,50,'广德县',3),(493,50,'泾县',3),(494,50,'绩溪县',3),(495,50,'旌德县',3),(496,51,'涡阳县',3),(497,51,'蒙城县',3),(498,51,'利辛县',3),(499,51,'谯城区',3),(500,52,'东城区',3),(501,52,'西城区',3),(502,52,'海淀区',3),(503,52,'朝阳区',3),(504,52,'崇文区',3),(505,52,'宣武区',3),(506,52,'丰台区',3),(507,52,'石景山区',3),(508,52,'房山区',3),(509,52,'门头沟区',3),(510,52,'通州区',3),(511,52,'顺义区',3),(512,52,'昌平区',3),(513,52,'怀柔区',3),(514,52,'平谷区',3),(515,52,'大兴区',3),(516,52,'密云县',3),(517,52,'延庆县',3),(518,53,'鼓楼区',3),(519,53,'台江区',3),(520,53,'仓山区',3),(521,53,'马尾区',3),(522,53,'晋安区',3),(523,53,'福清市',3),(524,53,'长乐市',3),(525,53,'闽侯县',3),(526,53,'连江县',3),(527,53,'罗源县',3),(528,53,'闽清县',3),(529,53,'永泰县',3),(530,53,'平潭县',3),(531,54,'新罗区',3),(532,54,'漳平市',3),(533,54,'长汀县',3),(534,54,'永定县',3),(535,54,'上杭县',3),(536,54,'武平县',3),(537,54,'连城县',3),(538,55,'延平区',3),(539,55,'邵武市',3),(540,55,'武夷山市',3),(541,55,'建瓯市',3),(542,55,'建阳市',3),(543,55,'顺昌县',3),(544,55,'浦城县',3),(545,55,'光泽县',3),(546,55,'松溪县',3),(547,55,'政和县',3),(548,56,'蕉城区',3),(549,56,'福安市',3),(550,56,'福鼎市',3),(551,56,'霞浦县',3),(552,56,'古田县',3),(553,56,'屏南县',3),(554,56,'寿宁县',3),(555,56,'周宁县',3),(556,56,'柘荣县',3),(557,57,'城厢区',3),(558,57,'涵江区',3),(559,57,'荔城区',3),(560,57,'秀屿区',3),(561,57,'仙游县',3),(562,58,'鲤城区',3),(563,58,'丰泽区',3),(564,58,'洛江区',3),(565,58,'清濛开发区',3),(566,58,'泉港区',3),(567,58,'石狮市',3),(568,58,'晋江市',3),(569,58,'南安市',3),(570,58,'惠安县',3),(571,58,'安溪县',3),(572,58,'永春县',3),(573,58,'德化县',3),(574,58,'金门县',3),(575,59,'梅列区',3),(576,59,'三元区',3),(577,59,'永安市',3),(578,59,'明溪县',3),(579,59,'清流县',3),(580,59,'宁化县',3),(581,59,'大田县',3),(582,59,'尤溪县',3),(583,59,'沙县',3),(584,59,'将乐县',3),(585,59,'泰宁县',3),(586,59,'建宁县',3),(587,60,'思明区',3),(588,60,'海沧区',3),(589,60,'湖里区',3),(590,60,'集美区',3),(591,60,'同安区',3),(592,60,'翔安区',3),(593,61,'芗城区',3),(594,61,'龙文区',3),(595,61,'龙海市',3),(596,61,'云霄县',3),(597,61,'漳浦县',3),(598,61,'诏安县',3),(599,61,'长泰县',3),(600,61,'东山县',3),(601,61,'南靖县',3),(602,61,'平和县',3),(603,61,'华安县',3),(604,62,'皋兰县',3),(605,62,'城关区',3),(606,62,'七里河区',3),(607,62,'西固区',3),(608,62,'安宁区',3),(609,62,'红古区',3),(610,62,'永登县',3),(611,62,'榆中县',3),(612,63,'白银区',3),(613,63,'平川区',3),(614,63,'会宁县',3),(615,63,'景泰县',3),(616,63,'靖远县',3),(617,64,'临洮县',3),(618,64,'陇西县',3),(619,64,'通渭县',3),(620,64,'渭源县',3),(621,64,'漳县',3),(622,64,'岷县',3),(623,64,'安定区',3),(624,64,'安定区',3),(625,65,'合作市',3),(626,65,'临潭县',3),(627,65,'卓尼县',3),(628,65,'舟曲县',3),(629,65,'迭部县',3),(630,65,'玛曲县',3),(631,65,'碌曲县',3),(632,65,'夏河县',3),(633,66,'嘉峪关市',3),(634,67,'金川区',3),(635,67,'永昌县',3),(636,68,'肃州区',3),(637,68,'玉门市',3),(638,68,'敦煌市',3),(639,68,'金塔县',3),(640,68,'瓜州县',3),(641,68,'肃北',3),(642,68,'阿克塞',3),(643,69,'临夏市',3),(644,69,'临夏县',3),(645,69,'康乐县',3),(646,69,'永靖县',3),(647,69,'广河县',3),(648,69,'和政县',3),(649,69,'东乡族自治县',3),(650,69,'积石山',3),(651,70,'成县',3),(652,70,'徽县',3),(653,70,'康县',3),(654,70,'礼县',3),(655,70,'两当县',3),(656,70,'文县',3),(657,70,'西和县',3),(658,70,'宕昌县',3),(659,70,'武都区',3),(660,71,'崇信县',3),(661,71,'华亭县',3),(662,71,'静宁县',3),(663,71,'灵台县',3),(664,71,'崆峒区',3),(665,71,'庄浪县',3),(666,71,'泾川县',3),(667,72,'合水县',3),(668,72,'华池县',3),(669,72,'环县',3),(670,72,'宁县',3),(671,72,'庆城县',3),(672,72,'西峰区',3),(673,72,'镇原县',3),(674,72,'正宁县',3),(675,73,'甘谷县',3),(676,73,'秦安县',3),(677,73,'清水县',3),(678,73,'秦州区',3),(679,73,'麦积区',3),(680,73,'武山县',3),(681,73,'张家川',3),(682,74,'古浪县',3),(683,74,'民勤县',3),(684,74,'天祝',3),(685,74,'凉州区',3),(686,75,'高台县',3),(687,75,'临泽县',3),(688,75,'民乐县',3),(689,75,'山丹县',3),(690,75,'肃南',3),(691,75,'甘州区',3),(692,76,'从化市',3),(693,76,'天河区',3),(694,76,'东山区',3),(695,76,'白云区',3),(696,76,'海珠区',3),(697,76,'荔湾区',3),(698,76,'越秀区',3),(699,76,'黄埔区',3),(700,76,'番禺区',3),(701,76,'花都区',3),(702,76,'增城区',3),(703,76,'从化区',3),(704,76,'市郊',3),(705,77,'福田区',3),(706,77,'罗湖区',3),(707,77,'南山区',3),(708,77,'宝安区',3),(709,77,'龙岗区',3),(710,77,'盐田区',3),(711,78,'湘桥区',3),(712,78,'潮安县',3),(713,78,'饶平县',3),(714,79,'南城区',3),(715,79,'东城区',3),(716,79,'万江区',3),(717,79,'莞城区',3),(718,79,'石龙镇',3),(719,79,'虎门镇',3),(720,79,'麻涌镇',3),(721,79,'道滘镇',3),(722,79,'石碣镇',3),(723,79,'沙田镇',3),(724,79,'望牛墩镇',3),(725,79,'洪梅镇',3),(726,79,'茶山镇',3),(727,79,'寮步镇',3),(728,79,'大岭山镇',3),(729,79,'大朗镇',3),(730,79,'黄江镇',3),(731,79,'樟木头',3),(732,79,'凤岗镇',3),(733,79,'塘厦镇',3),(734,79,'谢岗镇',3),(735,79,'厚街镇',3),(736,79,'清溪镇',3),(737,79,'常平镇',3),(738,79,'桥头镇',3),(739,79,'横沥镇',3),(740,79,'东坑镇',3),(741,79,'企石镇',3),(742,79,'石排镇',3),(743,79,'长安镇',3),(744,79,'中堂镇',3),(745,79,'高埗镇',3),(746,80,'禅城区',3),(747,80,'南海区',3),(748,80,'顺德区',3),(749,80,'三水区',3),(750,80,'高明区',3),(751,81,'东源县',3),(752,81,'和平县',3),(753,81,'源城区',3),(754,81,'连平县',3),(755,81,'龙川县',3),(756,81,'紫金县',3),(757,82,'惠阳区',3),(758,82,'惠城区',3),(759,82,'大亚湾',3),(760,82,'博罗县',3),(761,82,'惠东县',3),(762,82,'龙门县',3),(763,83,'江海区',3),(764,83,'蓬江区',3),(765,83,'新会区',3),(766,83,'台山市',3),(767,83,'开平市',3),(768,83,'鹤山市',3),(769,83,'恩平市',3),(770,84,'榕城区',3),(771,84,'普宁市',3),(772,84,'揭东县',3),(773,84,'揭西县',3),(774,84,'惠来县',3),(775,85,'茂南区',3),(776,85,'茂港区',3),(777,85,'高州市',3),(778,85,'化州市',3),(779,85,'信宜市',3),(780,85,'电白县',3),(781,86,'梅县',3),(782,86,'梅江区',3),(783,86,'兴宁市',3),(784,86,'大埔县',3),(785,86,'丰顺县',3),(786,86,'五华县',3),(787,86,'平远县',3),(788,86,'蕉岭县',3),(789,87,'清城区',3),(790,87,'英德市',3),(791,87,'连州市',3),(792,87,'佛冈县',3),(793,87,'阳山县',3),(794,87,'清新县',3),(795,87,'连山',3),(796,87,'连南',3),(797,88,'南澳县',3),(798,88,'潮阳区',3),(799,88,'澄海区',3),(800,88,'龙湖区',3),(801,88,'金平区',3),(802,88,'濠江区',3),(803,88,'潮南区',3),(804,89,'城区',3),(805,89,'陆丰市',3),(806,89,'海丰县',3),(807,89,'陆河县',3),(808,90,'曲江县',3),(809,90,'浈江区',3),(810,90,'武江区',3),(811,90,'曲江区',3),(812,90,'乐昌市',3),(813,90,'南雄市',3),(814,90,'始兴县',3),(815,90,'仁化县',3),(816,90,'翁源县',3),(817,90,'新丰县',3),(818,90,'乳源',3),(819,91,'江城区',3),(820,91,'阳春市',3),(821,91,'阳西县',3),(822,91,'阳东县',3),(823,92,'云城区',3),(824,92,'罗定市',3),(825,92,'新兴县',3),(826,92,'郁南县',3),(827,92,'云安县',3),(828,93,'赤坎区',3),(829,93,'霞山区',3),(830,93,'坡头区',3),(831,93,'麻章区',3),(832,93,'廉江市',3),(833,93,'雷州市',3),(834,93,'吴川市',3),(835,93,'遂溪县',3),(836,93,'徐闻县',3),(837,94,'肇庆市',3),(838,94,'高要市',3),(839,94,'四会市',3),(840,94,'广宁县',3),(841,94,'怀集县',3),(842,94,'封开县',3),(843,94,'德庆县',3),(844,95,'石岐街道',3),(845,95,'东区街道',3),(846,95,'西区街道',3),(847,95,'环城街道',3),(848,95,'中山港街道',3),(849,95,'五桂山街道',3),(850,96,'香洲区',3),(851,96,'斗门区',3),(852,96,'金湾区',3),(853,97,'邕宁区',3),(854,97,'青秀区',3),(855,97,'兴宁区',3),(856,97,'良庆区',3),(857,97,'西乡塘区',3),(858,97,'江南区',3),(859,97,'武鸣县',3),(860,97,'隆安县',3),(861,97,'马山县',3),(862,97,'上林县',3),(863,97,'宾阳县',3),(864,97,'横县',3),(865,98,'秀峰区',3),(866,98,'叠彩区',3),(867,98,'象山区',3),(868,98,'七星区',3),(869,98,'雁山区',3),(870,98,'阳朔县',3),(871,98,'临桂县',3),(872,98,'灵川县',3),(873,98,'全州县',3),(874,98,'平乐县',3),(875,98,'兴安县',3),(876,98,'灌阳县',3),(877,98,'荔浦县',3),(878,98,'资源县',3),(879,98,'永福县',3),(880,98,'龙胜',3),(881,98,'恭城',3),(882,99,'右江区',3),(883,99,'凌云县',3),(884,99,'平果县',3),(885,99,'西林县',3),(886,99,'乐业县',3),(887,99,'德保县',3),(888,99,'田林县',3),(889,99,'田阳县',3),(890,99,'靖西县',3),(891,99,'田东县',3),(892,99,'那坡县',3),(893,99,'隆林',3),(894,100,'海城区',3),(895,100,'银海区',3),(896,100,'铁山港区',3),(897,100,'合浦县',3),(898,101,'江州区',3),(899,101,'凭祥市',3),(900,101,'宁明县',3),(901,101,'扶绥县',3),(902,101,'龙州县',3),(903,101,'大新县',3),(904,101,'天等县',3),(905,102,'港口区',3),(906,102,'防城区',3),(907,102,'东兴市',3),(908,102,'上思县',3),(909,103,'港北区',3),(910,103,'港南区',3),(911,103,'覃塘区',3),(912,103,'桂平市',3),(913,103,'平南县',3),(914,104,'金城江区',3),(915,104,'宜州市',3),(916,104,'天峨县',3),(917,104,'凤山县',3),(918,104,'南丹县',3),(919,104,'东兰县',3),(920,104,'都安',3),(921,104,'罗城',3),(922,104,'巴马',3),(923,104,'环江',3),(924,104,'大化',3),(925,105,'八步区',3),(926,105,'钟山县',3),(927,105,'昭平县',3),(928,105,'富川',3),(929,106,'兴宾区',3),(930,106,'合山市',3),(931,106,'象州县',3),(932,106,'武宣县',3),(933,106,'忻城县',3),(934,106,'金秀',3),(935,107,'城中区',3),(936,107,'鱼峰区',3),(937,107,'柳北区',3),(938,107,'柳南区',3),(939,107,'柳江县',3),(940,107,'柳城县',3),(941,107,'鹿寨县',3),(942,107,'融安县',3),(943,107,'融水',3),(944,107,'三江',3),(945,108,'钦南区',3),(946,108,'钦北区',3),(947,108,'灵山县',3),(948,108,'浦北县',3),(949,109,'万秀区',3),(950,109,'蝶山区',3),(951,109,'长洲区',3),(952,109,'岑溪市',3),(953,109,'苍梧县',3),(954,109,'藤县',3),(955,109,'蒙山县',3),(956,110,'玉州区',3),(957,110,'北流市',3),(958,110,'容县',3),(959,110,'陆川县',3),(960,110,'博白县',3),(961,110,'兴业县',3),(962,111,'南明区',3),(963,111,'云岩区',3),(964,111,'花溪区',3),(965,111,'乌当区',3),(966,111,'白云区',3),(967,111,'小河区',3),(968,111,'金阳新区',3),(969,111,'新天园区',3),(970,111,'清镇市',3),(971,111,'开阳县',3),(972,111,'修文县',3),(973,111,'息烽县',3),(974,112,'西秀区',3),(975,112,'关岭',3),(976,112,'镇宁',3),(977,112,'紫云',3),(978,112,'平坝县',3),(979,112,'普定县',3),(980,113,'毕节市',3),(981,113,'大方县',3),(982,113,'黔西县',3),(983,113,'金沙县',3),(984,113,'织金县',3),(985,113,'纳雍县',3),(986,113,'赫章县',3),(987,113,'威宁',3),(988,114,'钟山区',3),(989,114,'六枝特区',3),(990,114,'水城县',3),(991,114,'盘县',3),(992,115,'凯里市',3),(993,115,'黄平县',3),(994,115,'施秉县',3),(995,115,'三穗县',3),(996,115,'镇远县',3),(997,115,'岑巩县',3),(998,115,'天柱县',3),(999,115,'锦屏县',3),(1000,115,'剑河县',3),(1001,115,'台江县',3),(1002,115,'黎平县',3),(1003,115,'榕江县',3),(1004,115,'从江县',3),(1005,115,'雷山县',3),(1006,115,'麻江县',3),(1007,115,'丹寨县',3),(1008,116,'都匀市',3),(1009,116,'福泉市',3),(1010,116,'荔波县',3),(1011,116,'贵定县',3),(1012,116,'瓮安县',3),(1013,116,'独山县',3),(1014,116,'平塘县',3),(1015,116,'罗甸县',3),(1016,116,'长顺县',3),(1017,116,'龙里县',3),(1018,116,'惠水县',3),(1019,116,'三都',3),(1020,117,'兴义市',3),(1021,117,'兴仁县',3),(1022,117,'普安县',3),(1023,117,'晴隆县',3),(1024,117,'贞丰县',3),(1025,117,'望谟县',3),(1026,117,'册亨县',3),(1027,117,'安龙县',3),(1028,118,'铜仁市',3),(1029,118,'江口县',3),(1030,118,'石阡县',3),(1031,118,'思南县',3),(1032,118,'德江县',3),(1033,118,'玉屏',3),(1034,118,'印江',3),(1035,118,'沿河',3),(1036,118,'松桃',3),(1037,118,'万山特区',3),(1038,119,'红花岗区',3),(1039,119,'务川县',3),(1040,119,'道真县',3),(1041,119,'汇川区',3),(1042,119,'赤水市',3),(1043,119,'仁怀市',3),(1044,119,'遵义县',3),(1045,119,'桐梓县',3),(1046,119,'绥阳县',3),(1047,119,'正安县',3),(1048,119,'凤冈县',3),(1049,119,'湄潭县',3),(1050,119,'余庆县',3),(1051,119,'习水县',3),(1052,119,'道真',3),(1053,119,'务川',3),(1054,120,'秀英区',3),(1055,120,'龙华区',3),(1056,120,'琼山区',3),(1057,120,'美兰区',3),(1058,137,'市区',3),(1059,137,'洋浦开发区',3),(1060,137,'那大镇',3),(1061,137,'王五镇',3),(1062,137,'雅星镇',3),(1063,137,'大成镇',3),(1064,137,'中和镇',3),(1065,137,'峨蔓镇',3),(1066,137,'南丰镇',3),(1067,137,'白马井镇',3),(1068,137,'兰洋镇',3),(1069,137,'和庆镇',3),(1070,137,'海头镇',3),(1071,137,'排浦镇',3),(1072,137,'东成镇',3),(1073,137,'光村镇',3),(1074,137,'木棠镇',3),(1075,137,'新州镇',3),(1076,137,'三都镇',3),(1077,137,'其他',3),(1078,138,'长安区',3),(1079,138,'桥东区',3),(1080,138,'桥西区',3),(1081,138,'新华区',3),(1082,138,'裕华区',3),(1083,138,'井陉矿区',3),(1084,138,'高新区',3),(1085,138,'辛集市',3),(1086,138,'藁城市',3),(1087,138,'晋州市',3),(1088,138,'新乐市',3),(1089,138,'鹿泉市',3),(1090,138,'井陉县',3),(1091,138,'正定县',3),(1092,138,'栾城县',3),(1093,138,'行唐县',3),(1094,138,'灵寿县',3),(1095,138,'高邑县',3),(1096,138,'深泽县',3),(1097,138,'赞皇县',3),(1098,138,'无极县',3),(1099,138,'平山县',3),(1100,138,'元氏县',3),(1101,138,'赵县',3),(1102,139,'新市区',3),(1103,139,'南市区',3),(1104,139,'北市区',3),(1105,139,'涿州市',3),(1106,139,'定州市',3),(1107,139,'安国市',3),(1108,139,'高碑店市',3),(1109,139,'满城县',3),(1110,139,'清苑县',3),(1111,139,'涞水县',3),(1112,139,'阜平县',3),(1113,139,'徐水县',3),(1114,139,'定兴县',3),(1115,139,'唐县',3),(1116,139,'高阳县',3),(1117,139,'容城县',3),(1118,139,'涞源县',3),(1119,139,'望都县',3),(1120,139,'安新县',3),(1121,139,'易县',3),(1122,139,'曲阳县',3),(1123,139,'蠡县',3),(1124,139,'顺平县',3),(1125,139,'博野县',3),(1126,139,'雄县',3),(1127,140,'运河区',3),(1128,140,'新华区',3),(1129,140,'泊头市',3),(1130,140,'任丘市',3),(1131,140,'黄骅市',3),(1132,140,'河间市',3),(1133,140,'沧县',3),(1134,140,'青县',3),(1135,140,'东光县',3),(1136,140,'海兴县',3),(1137,140,'盐山县',3),(1138,140,'肃宁县',3),(1139,140,'南皮县',3),(1140,140,'吴桥县',3),(1141,140,'献县',3),(1142,140,'孟村',3),(1143,141,'双桥区',3),(1144,141,'双滦区',3),(1145,141,'鹰手营子矿区',3),(1146,141,'承德县',3),(1147,141,'兴隆县',3),(1148,141,'平泉县',3),(1149,141,'滦平县',3),(1150,141,'隆化县',3),(1151,141,'丰宁',3),(1152,141,'宽城',3),(1153,141,'围场',3),(1154,142,'从台区',3),(1155,142,'复兴区',3),(1156,142,'邯山区',3),(1157,142,'峰峰矿区',3),(1158,142,'武安市',3),(1159,142,'邯郸县',3),(1160,142,'临漳县',3),(1161,142,'成安县',3),(1162,142,'大名县',3),(1163,142,'涉县',3),(1164,142,'磁县',3),(1165,142,'肥乡县',3),(1166,142,'永年县',3),(1167,142,'邱县',3),(1168,142,'鸡泽县',3),(1169,142,'广平县',3),(1170,142,'馆陶县',3),(1171,142,'魏县',3),(1172,142,'曲周县',3),(1173,143,'桃城区',3),(1174,143,'冀州市',3),(1175,143,'深州市',3),(1176,143,'枣强县',3),(1177,143,'武邑县',3),(1178,143,'武强县',3),(1179,143,'饶阳县',3),(1180,143,'安平县',3),(1181,143,'故城县',3),(1182,143,'景县',3),(1183,143,'阜城县',3),(1184,144,'安次区',3),(1185,144,'广阳区',3),(1186,144,'霸州市',3),(1187,144,'三河市',3),(1188,144,'固安县',3),(1189,144,'永清县',3),(1190,144,'香河县',3),(1191,144,'大城县',3),(1192,144,'文安县',3),(1193,144,'大厂',3),(1194,145,'海港区',3),(1195,145,'山海关区',3),(1196,145,'北戴河区',3),(1197,145,'昌黎县',3),(1198,145,'抚宁县',3),(1199,145,'卢龙县',3),(1200,145,'青龙',3),(1201,146,'路北区',3),(1202,146,'路南区',3),(1203,146,'古冶区',3),(1204,146,'开平区',3),(1205,146,'丰南区',3),(1206,146,'丰润区',3),(1207,146,'遵化市',3),(1208,146,'迁安市',3),(1209,146,'滦县',3),(1210,146,'滦南县',3),(1211,146,'乐亭县',3),(1212,146,'迁西县',3),(1213,146,'玉田县',3),(1214,146,'唐海县',3),(1215,147,'桥东区',3),(1216,147,'桥西区',3),(1217,147,'南宫市',3),(1218,147,'沙河市',3),(1219,147,'邢台县',3),(1220,147,'临城县',3),(1221,147,'内丘县',3),(1222,147,'柏乡县',3),(1223,147,'隆尧县',3),(1224,147,'任县',3),(1225,147,'南和县',3),(1226,147,'宁晋县',3),(1227,147,'巨鹿县',3),(1228,147,'新河县',3),(1229,147,'广宗县',3),(1230,147,'平乡县',3),(1231,147,'威县',3),(1232,147,'清河县',3),(1233,147,'临西县',3),(1234,148,'桥西区',3),(1235,148,'桥东区',3),(1236,148,'宣化区',3),(1237,148,'下花园区',3),(1238,148,'宣化县',3),(1239,148,'张北县',3),(1240,148,'康保县',3),(1241,148,'沽源县',3),(1242,148,'尚义县',3),(1243,148,'蔚县',3),(1244,148,'阳原县',3),(1245,148,'怀安县',3),(1246,148,'万全县',3),(1247,148,'怀来县',3),(1248,148,'涿鹿县',3),(1249,148,'赤城县',3),(1250,148,'崇礼县',3),(1251,149,'金水区',3),(1252,149,'邙山区',3),(1253,149,'二七区',3),(1254,149,'管城区',3),(1255,149,'中原区',3),(1256,149,'上街区',3),(1257,149,'惠济区',3),(1258,149,'郑东新区',3),(1259,149,'经济技术开发区',3),(1260,149,'高新开发区',3),(1261,149,'出口加工区',3),(1262,149,'巩义市',3),(1263,149,'荥阳市',3),(1264,149,'新密市',3),(1265,149,'新郑市',3),(1266,149,'登封市',3),(1267,149,'中牟县',3),(1268,150,'西工区',3),(1269,150,'老城区',3),(1270,150,'涧西区',3),(1271,150,'瀍河回族区',3),(1272,150,'洛龙区',3),(1273,150,'吉利区',3),(1274,150,'偃师市',3),(1275,150,'孟津县',3),(1276,150,'新安县',3),(1277,150,'栾川县',3),(1278,150,'嵩县',3),(1279,150,'汝阳县',3),(1280,150,'宜阳县',3),(1281,150,'洛宁县',3),(1282,150,'伊川县',3),(1283,151,'鼓楼区',3),(1284,151,'龙亭区',3),(1285,151,'顺河回族区',3),(1286,151,'金明区',3),(1287,151,'禹王台区',3),(1288,151,'杞县',3),(1289,151,'通许县',3),(1290,151,'尉氏县',3),(1291,151,'开封县',3),(1292,151,'兰考县',3),(1293,152,'北关区',3),(1294,152,'文峰区',3),(1295,152,'殷都区',3),(1296,152,'龙安区',3),(1297,152,'林州市',3),(1298,152,'安阳县',3),(1299,152,'汤阴县',3),(1300,152,'滑县',3),(1301,152,'内黄县',3),(1302,153,'淇滨区',3),(1303,153,'山城区',3),(1304,153,'鹤山区',3),(1305,153,'浚县',3),(1306,153,'淇县',3),(1307,154,'济源市',3),(1308,155,'解放区',3),(1309,155,'中站区',3),(1310,155,'马村区',3),(1311,155,'山阳区',3),(1312,155,'沁阳市',3),(1313,155,'孟州市',3),(1314,155,'修武县',3),(1315,155,'博爱县',3),(1316,155,'武陟县',3),(1317,155,'温县',3),(1318,156,'卧龙区',3),(1319,156,'宛城区',3),(1320,156,'邓州市',3),(1321,156,'南召县',3),(1322,156,'方城县',3),(1323,156,'西峡县',3),(1324,156,'镇平县',3),(1325,156,'内乡县',3),(1326,156,'淅川县',3),(1327,156,'社旗县',3),(1328,156,'唐河县',3),(1329,156,'新野县',3),(1330,156,'桐柏县',3),(1331,157,'新华区',3),(1332,157,'卫东区',3),(1333,157,'湛河区',3),(1334,157,'石龙区',3),(1335,157,'舞钢市',3),(1336,157,'汝州市',3),(1337,157,'宝丰县',3),(1338,157,'叶县',3),(1339,157,'鲁山县',3),(1340,157,'郏县',3),(1341,158,'湖滨区',3),(1342,158,'义马市',3),(1343,158,'灵宝市',3),(1344,158,'渑池县',3),(1345,158,'陕县',3),(1346,158,'卢氏县',3),(1347,159,'梁园区',3),(1348,159,'睢阳区',3),(1349,159,'永城市',3),(1350,159,'民权县',3),(1351,159,'睢县',3),(1352,159,'宁陵县',3),(1353,159,'虞城县',3),(1354,159,'柘城县',3),(1355,159,'夏邑县',3),(1356,160,'卫滨区',3),(1357,160,'红旗区',3),(1358,160,'凤泉区',3),(1359,160,'牧野区',3),(1360,160,'卫辉市',3),(1361,160,'辉县市',3),(1362,160,'新乡县',3),(1363,160,'获嘉县',3),(1364,160,'原阳县',3),(1365,160,'延津县',3),(1366,160,'封丘县',3),(1367,160,'长垣县',3),(1368,161,'浉河区',3),(1369,161,'平桥区',3),(1370,161,'罗山县',3),(1371,161,'光山县',3),(1372,161,'新县',3),(1373,161,'商城县',3),(1374,161,'固始县',3),(1375,161,'潢川县',3),(1376,161,'淮滨县',3),(1377,161,'息县',3),(1378,162,'魏都区',3),(1379,162,'禹州市',3),(1380,162,'长葛市',3),(1381,162,'许昌县',3),(1382,162,'鄢陵县',3),(1383,162,'襄城县',3),(1384,163,'川汇区',3),(1385,163,'项城市',3),(1386,163,'扶沟县',3),(1387,163,'西华县',3),(1388,163,'商水县',3),(1389,163,'沈丘县',3),(1390,163,'郸城县',3),(1391,163,'淮阳县',3),(1392,163,'太康县',3),(1393,163,'鹿邑县',3),(1394,164,'驿城区',3),(1395,164,'西平县',3),(1396,164,'上蔡县',3),(1397,164,'平舆县',3),(1398,164,'正阳县',3),(1399,164,'确山县',3),(1400,164,'泌阳县',3),(1401,164,'汝南县',3),(1402,164,'遂平县',3),(1403,164,'新蔡县',3),(1404,165,'郾城区',3),(1405,165,'源汇区',3),(1406,165,'召陵区',3),(1407,165,'舞阳县',3),(1408,165,'临颍县',3),(1409,166,'华龙区',3),(1410,166,'清丰县',3),(1411,166,'南乐县',3),(1412,166,'范县',3),(1413,166,'台前县',3),(1414,166,'濮阳县',3),(1415,167,'道里区',3),(1416,167,'南岗区',3),(1417,167,'动力区',3),(1418,167,'平房区',3),(1419,167,'香坊区',3),(1420,167,'太平区',3),(1421,167,'道外区',3),(1422,167,'阿城区',3),(1423,167,'呼兰区',3),(1424,167,'松北区',3),(1425,167,'尚志市',3),(1426,167,'双城市',3),(1427,167,'五常市',3),(1428,167,'方正县',3),(1429,167,'宾县',3),(1430,167,'依兰县',3),(1431,167,'巴彦县',3),(1432,167,'通河县',3),(1433,167,'木兰县',3),(1434,167,'延寿县',3),(1435,168,'萨尔图区',3),(1436,168,'红岗区',3),(1437,168,'龙凤区',3),(1438,168,'让胡路区',3),(1439,168,'大同区',3),(1440,168,'肇州县',3),(1441,168,'肇源县',3),(1442,168,'林甸县',3),(1443,168,'杜尔伯特',3),(1444,169,'呼玛县',3),(1445,169,'漠河县',3),(1446,169,'塔河县',3),(1447,170,'兴山区',3),(1448,170,'工农区',3),(1449,170,'南山区',3),(1450,170,'兴安区',3),(1451,170,'向阳区',3),(1452,170,'东山区',3),(1453,170,'萝北县',3),(1454,170,'绥滨县',3),(1455,171,'爱辉区',3),(1456,171,'五大连池市',3),(1457,171,'北安市',3),(1458,171,'嫩江县',3),(1459,171,'逊克县',3),(1460,171,'孙吴县',3),(1461,172,'鸡冠区',3),(1462,172,'恒山区',3),(1463,172,'城子河区',3),(1464,172,'滴道区',3),(1465,172,'梨树区',3),(1466,172,'虎林市',3),(1467,172,'密山市',3),(1468,172,'鸡东县',3),(1469,173,'前进区',3),(1470,173,'郊区',3),(1471,173,'向阳区',3),(1472,173,'东风区',3),(1473,173,'同江市',3),(1474,173,'富锦市',3),(1475,173,'桦南县',3),(1476,173,'桦川县',3),(1477,173,'汤原县',3),(1478,173,'抚远县',3),(1479,174,'爱民区',3),(1480,174,'东安区',3),(1481,174,'阳明区',3),(1482,174,'西安区',3),(1483,174,'绥芬河市',3),(1484,174,'海林市',3),(1485,174,'宁安市',3),(1486,174,'穆棱市',3),(1487,174,'东宁县',3),(1488,174,'林口县',3),(1489,175,'桃山区',3),(1490,175,'新兴区',3),(1491,175,'茄子河区',3),(1492,175,'勃利县',3),(1493,176,'龙沙区',3),(1494,176,'昂昂溪区',3),(1495,176,'铁峰区',3),(1496,176,'建华区',3),(1497,176,'富拉尔基区',3),(1498,176,'碾子山区',3),(1499,176,'梅里斯达斡尔区',3),(1500,176,'讷河市',3),(1501,176,'龙江县',3),(1502,176,'依安县',3),(1503,176,'泰来县',3),(1504,176,'甘南县',3),(1505,176,'富裕县',3),(1506,176,'克山县',3),(1507,176,'克东县',3),(1508,176,'拜泉县',3),(1509,177,'尖山区',3),(1510,177,'岭东区',3),(1511,177,'四方台区',3),(1512,177,'宝山区',3),(1513,177,'集贤县',3),(1514,177,'友谊县',3),(1515,177,'宝清县',3),(1516,177,'饶河县',3),(1517,178,'北林区',3),(1518,178,'安达市',3),(1519,178,'肇东市',3),(1520,178,'海伦市',3),(1521,178,'望奎县',3),(1522,178,'兰西县',3),(1523,178,'青冈县',3),(1524,178,'庆安县',3),(1525,178,'明水县',3),(1526,178,'绥棱县',3),(1527,179,'伊春区',3),(1528,179,'带岭区',3),(1529,179,'南岔区',3),(1530,179,'金山屯区',3),(1531,179,'西林区',3),(1532,179,'美溪区',3),(1533,179,'乌马河区',3),(1534,179,'翠峦区',3),(1535,179,'友好区',3),(1536,179,'上甘岭区',3),(1537,179,'五营区',3),(1538,179,'红星区',3),(1539,179,'新青区',3),(1540,179,'汤旺河区',3),(1541,179,'乌伊岭区',3),(1542,179,'铁力市',3),(1543,179,'嘉荫县',3),(1544,180,'江岸区',3),(1545,180,'武昌区',3),(1546,180,'江汉区',3),(1547,180,'硚口区',3),(1548,180,'汉阳区',3),(1549,180,'青山区',3),(1550,180,'洪山区',3),(1551,180,'东西湖区',3),(1552,180,'汉南区',3),(1553,180,'蔡甸区',3),(1554,180,'江夏区',3),(1555,180,'黄陂区',3),(1556,180,'新洲区',3),(1557,180,'经济开发区',3),(1558,181,'仙桃市',3),(1559,182,'鄂城区',3),(1560,182,'华容区',3),(1561,182,'梁子湖区',3),(1562,183,'黄州区',3),(1563,183,'麻城市',3),(1564,183,'武穴市',3),(1565,183,'团风县',3),(1566,183,'红安县',3),(1567,183,'罗田县',3),(1568,183,'英山县',3),(1569,183,'浠水县',3),(1570,183,'蕲春县',3),(1571,183,'黄梅县',3),(1572,184,'黄石港区',3),(1573,184,'西塞山区',3),(1574,184,'下陆区',3),(1575,184,'铁山区',3),(1576,184,'大冶市',3),(1577,184,'阳新县',3),(1578,185,'东宝区',3),(1579,185,'掇刀区',3),(1580,185,'钟祥市',3),(1581,185,'京山县',3),(1582,185,'沙洋县',3),(1583,186,'沙市区',3),(1584,186,'荆州区',3),(1585,186,'石首市',3),(1586,186,'洪湖市',3),(1587,186,'松滋市',3),(1588,186,'公安县',3),(1589,186,'监利县',3),(1590,186,'江陵县',3),(1591,187,'潜江市',3),(1592,188,'神农架林区',3),(1593,189,'张湾区',3),(1594,189,'茅箭区',3),(1595,189,'丹江口市',3),(1596,189,'郧县',3),(1597,189,'郧西县',3),(1598,189,'竹山县',3),(1599,189,'竹溪县',3),(1600,189,'房县',3),(1601,190,'曾都区',3),(1602,190,'广水市',3),(1603,191,'天门市',3),(1604,192,'咸安区',3),(1605,192,'赤壁市',3),(1606,192,'嘉鱼县',3),(1607,192,'通城县',3),(1608,192,'崇阳县',3),(1609,192,'通山县',3),(1610,193,'襄城区',3),(1611,193,'樊城区',3),(1612,193,'襄阳区',3),(1613,193,'老河口市',3),(1614,193,'枣阳市',3),(1615,193,'宜城市',3),(1616,193,'南漳县',3),(1617,193,'谷城县',3),(1618,193,'保康县',3),(1619,194,'孝南区',3),(1620,194,'应城市',3),(1621,194,'安陆市',3),(1622,194,'汉川市',3),(1623,194,'孝昌县',3),(1624,194,'大悟县',3),(1625,194,'云梦县',3),(1626,195,'长阳',3),(1627,195,'五峰',3),(1628,195,'西陵区',3),(1629,195,'伍家岗区',3),(1630,195,'点军区',3),(1631,195,'猇亭区',3),(1632,195,'夷陵区',3),(1633,195,'宜都市',3),(1634,195,'当阳市',3),(1635,195,'枝江市',3),(1636,195,'远安县',3),(1637,195,'兴山县',3),(1638,195,'秭归县',3),(1639,196,'恩施市',3),(1640,196,'利川市',3),(1641,196,'建始县',3),(1642,196,'巴东县',3),(1643,196,'宣恩县',3),(1644,196,'咸丰县',3),(1645,196,'来凤县',3),(1646,196,'鹤峰县',3),(1647,197,'岳麓区',3),(1648,197,'芙蓉区',3),(1649,197,'天心区',3),(1650,197,'开福区',3),(1651,197,'雨花区',3),(1652,197,'开发区',3),(1653,197,'浏阳市',3),(1654,197,'长沙县',3),(1655,197,'望城县',3),(1656,197,'宁乡县',3),(1657,198,'永定区',3),(1658,198,'武陵源区',3),(1659,198,'慈利县',3),(1660,198,'桑植县',3),(1661,199,'武陵区',3),(1662,199,'鼎城区',3),(1663,199,'津市市',3),(1664,199,'安乡县',3),(1665,199,'汉寿县',3),(1666,199,'澧县',3),(1667,199,'临澧县',3),(1668,199,'桃源县',3),(1669,199,'石门县',3),(1670,200,'北湖区',3),(1671,200,'苏仙区',3),(1672,200,'资兴市',3),(1673,200,'桂阳县',3),(1674,200,'宜章县',3),(1675,200,'永兴县',3),(1676,200,'嘉禾县',3),(1677,200,'临武县',3),(1678,200,'汝城县',3),(1679,200,'桂东县',3),(1680,200,'安仁县',3),(1681,201,'雁峰区',3),(1682,201,'珠晖区',3),(1683,201,'石鼓区',3),(1684,201,'蒸湘区',3),(1685,201,'南岳区',3),(1686,201,'耒阳市',3),(1687,201,'常宁市',3),(1688,201,'衡阳县',3),(1689,201,'衡南县',3),(1690,201,'衡山县',3),(1691,201,'衡东县',3),(1692,201,'祁东县',3),(1693,202,'鹤城区',3),(1694,202,'靖州',3),(1695,202,'麻阳',3),(1696,202,'通道',3),(1697,202,'新晃',3),(1698,202,'芷江',3),(1699,202,'沅陵县',3),(1700,202,'辰溪县',3),(1701,202,'溆浦县',3),(1702,202,'中方县',3),(1703,202,'会同县',3),(1704,202,'洪江市',3),(1705,203,'娄星区',3),(1706,203,'冷水江市',3),(1707,203,'涟源市',3),(1708,203,'双峰县',3),(1709,203,'新化县',3),(1710,204,'城步',3),(1711,204,'双清区',3),(1712,204,'大祥区',3),(1713,204,'北塔区',3),(1714,204,'武冈市',3),(1715,204,'邵东县',3),(1716,204,'新邵县',3),(1717,204,'邵阳县',3),(1718,204,'隆回县',3),(1719,204,'洞口县',3),(1720,204,'绥宁县',3),(1721,204,'新宁县',3),(1722,205,'岳塘区',3),(1723,205,'雨湖区',3),(1724,205,'湘乡市',3),(1725,205,'韶山市',3),(1726,205,'湘潭县',3),(1727,206,'吉首市',3),(1728,206,'泸溪县',3),(1729,206,'凤凰县',3),(1730,206,'花垣县',3),(1731,206,'保靖县',3),(1732,206,'古丈县',3),(1733,206,'永顺县',3),(1734,206,'龙山县',3),(1735,207,'赫山区',3),(1736,207,'资阳区',3),(1737,207,'沅江市',3),(1738,207,'南县',3),(1739,207,'桃江县',3),(1740,207,'安化县',3),(1741,208,'江华',3),(1742,208,'冷水滩区',3),(1743,208,'零陵区',3),(1744,208,'祁阳县',3),(1745,208,'东安县',3),(1746,208,'双牌县',3),(1747,208,'道县',3),(1748,208,'江永县',3),(1749,208,'宁远县',3),(1750,208,'蓝山县',3),(1751,208,'新田县',3),(1752,209,'岳阳楼区',3),(1753,209,'君山区',3),(1754,209,'云溪区',3),(1755,209,'汨罗市',3),(1756,209,'临湘市',3),(1757,209,'岳阳县',3),(1758,209,'华容县',3),(1759,209,'湘阴县',3),(1760,209,'平江县',3),(1761,210,'天元区',3),(1762,210,'荷塘区',3),(1763,210,'芦淞区',3),(1764,210,'石峰区',3),(1765,210,'醴陵市',3),(1766,210,'株洲县',3),(1767,210,'攸县',3),(1768,210,'茶陵县',3),(1769,210,'炎陵县',3),(1770,211,'朝阳区',3),(1771,211,'宽城区',3),(1772,211,'二道区',3),(1773,211,'南关区',3),(1774,211,'绿园区',3),(1775,211,'双阳区',3),(1776,211,'净月潭开发区',3),(1777,211,'高新技术开发区',3),(1778,211,'经济技术开发区',3),(1779,211,'汽车产业开发区',3),(1780,211,'德惠市',3),(1781,211,'九台市',3),(1782,211,'榆树市',3),(1783,211,'农安县',3),(1784,212,'船营区',3),(1785,212,'昌邑区',3),(1786,212,'龙潭区',3),(1787,212,'丰满区',3),(1788,212,'蛟河市',3),(1789,212,'桦甸市',3),(1790,212,'舒兰市',3),(1791,212,'磐石市',3),(1792,212,'永吉县',3),(1793,213,'洮北区',3),(1794,213,'洮南市',3),(1795,213,'大安市',3),(1796,213,'镇赉县',3),(1797,213,'通榆县',3),(1798,214,'江源区',3),(1799,214,'八道江区',3),(1800,214,'长白',3),(1801,214,'临江市',3),(1802,214,'抚松县',3),(1803,214,'靖宇县',3),(1804,215,'龙山区',3),(1805,215,'西安区',3),(1806,215,'东丰县',3),(1807,215,'东辽县',3),(1808,216,'铁西区',3),(1809,216,'铁东区',3),(1810,216,'伊通',3),(1811,216,'公主岭市',3),(1812,216,'双辽市',3),(1813,216,'梨树县',3),(1814,217,'前郭尔罗斯',3),(1815,217,'宁江区',3),(1816,217,'长岭县',3),(1817,217,'乾安县',3),(1818,217,'扶余县',3),(1819,218,'东昌区',3),(1820,218,'二道江区',3),(1821,218,'梅河口市',3),(1822,218,'集安市',3),(1823,218,'通化县',3),(1824,218,'辉南县',3),(1825,218,'柳河县',3),(1826,219,'延吉市',3),(1827,219,'图们市',3),(1828,219,'敦化市',3),(1829,219,'珲春市',3),(1830,219,'龙井市',3),(1831,219,'和龙市',3),(1832,219,'安图县',3),(1833,219,'汪清县',3),(1834,220,'玄武区',3),(1835,220,'鼓楼区',3),(1836,220,'白下区',3),(1837,220,'建邺区',3),(1838,220,'秦淮区',3),(1839,220,'雨花台区',3),(1840,220,'下关区',3),(1841,220,'栖霞区',3),(1842,220,'浦口区',3),(1843,220,'江宁区',3),(1844,220,'六合区',3),(1845,220,'溧水县',3),(1846,220,'高淳县',3),(1847,221,'沧浪区',3),(1848,221,'金阊区',3),(1849,221,'平江区',3),(1850,221,'虎丘区',3),(1851,221,'吴中区',3),(1852,221,'相城区',3),(1853,221,'园区',3),(1854,221,'新区',3),(1855,221,'常熟市',3),(1856,221,'张家港市',3),(1857,221,'玉山镇',3),(1858,221,'巴城镇',3),(1859,221,'周市镇',3),(1860,221,'陆家镇',3),(1861,221,'花桥镇',3),(1862,221,'淀山湖镇',3),(1863,221,'张浦镇',3),(1864,221,'周庄镇',3),(1865,221,'千灯镇',3),(1866,221,'锦溪镇',3),(1867,221,'开发区',3),(1868,221,'吴江市',3),(1869,221,'太仓市',3),(1870,222,'崇安区',3),(1871,222,'北塘区',3),(1872,222,'南长区',3),(1873,222,'锡山区',3),(1874,222,'惠山区',3),(1875,222,'滨湖区',3),(1876,222,'新区',3),(1877,222,'江阴市',3),(1878,222,'宜兴市',3),(1879,223,'天宁区',3),(1880,223,'钟楼区',3),(1881,223,'戚墅堰区',3),(1882,223,'郊区',3),(1883,223,'新北区',3),(1884,223,'武进区',3),(1885,223,'溧阳市',3),(1886,223,'金坛市',3),(1887,224,'清河区',3),(1888,224,'清浦区',3),(1889,224,'楚州区',3),(1890,224,'淮阴区',3),(1891,224,'涟水县',3),(1892,224,'洪泽县',3),(1893,224,'盱眙县',3),(1894,224,'金湖县',3),(1895,225,'新浦区',3),(1896,225,'连云区',3),(1897,225,'海州区',3),(1898,225,'赣榆县',3),(1899,225,'东海县',3),(1900,225,'灌云县',3),(1901,225,'灌南县',3),(1902,226,'崇川区',3),(1903,226,'港闸区',3),(1904,226,'经济开发区',3),(1905,226,'启东市',3),(1906,226,'如皋市',3),(1907,226,'通州市',3),(1908,226,'海门市',3),(1909,226,'海安县',3),(1910,226,'如东县',3),(1911,227,'宿城区',3),(1912,227,'宿豫区',3),(1913,227,'宿豫县',3),(1914,227,'沭阳县',3),(1915,227,'泗阳县',3),(1916,227,'泗洪县',3),(1917,228,'海陵区',3),(1918,228,'高港区',3),(1919,228,'兴化市',3),(1920,228,'靖江市',3),(1921,228,'泰兴市',3),(1922,228,'姜堰市',3),(1923,229,'云龙区',3),(1924,229,'鼓楼区',3),(1925,229,'九里区',3),(1926,229,'贾汪区',3),(1927,229,'泉山区',3),(1928,229,'新沂市',3),(1929,229,'邳州市',3),(1930,229,'丰县',3),(1931,229,'沛县',3),(1932,229,'铜山县',3),(1933,229,'睢宁县',3),(1934,230,'城区',3),(1935,230,'亭湖区',3),(1936,230,'盐都区',3),(1937,230,'盐都县',3),(1938,230,'东台市',3),(1939,230,'大丰市',3),(1940,230,'响水县',3),(1941,230,'滨海县',3),(1942,230,'阜宁县',3),(1943,230,'射阳县',3),(1944,230,'建湖县',3),(1945,231,'广陵区',3),(1946,231,'维扬区',3),(1947,231,'邗江区',3),(1948,231,'仪征市',3),(1949,231,'高邮市',3),(1950,231,'江都市',3),(1951,231,'宝应县',3),(1952,232,'京口区',3),(1953,232,'润州区',3),(1954,232,'丹徒区',3),(1955,232,'丹阳市',3),(1956,232,'扬中市',3),(1957,232,'句容市',3),(1958,233,'东湖区',3),(1959,233,'西湖区',3),(1960,233,'青云谱区',3),(1961,233,'湾里区',3),(1962,233,'青山湖区',3),(1963,233,'红谷滩新区',3);
/*!40000 ALTER TABLE `abf_areas` ENABLE KEYS */;
UNLOCK TABLES;

--
-- Table structure for table `abf_category`
--

DROP TABLE IF EXISTS `abf_category`;
/*!40101 SET @saved_cs_client     = @@character_set_client */;
/*!40101 SET character_set_client = utf8 */;
CREATE TABLE `abf_category` (
  `id` int(11) NOT NULL AUTO_INCREMENT,
  `channel_id` int(11) NOT NULL DEFAULT '0',
  `parent_id` int(11) unsigned NOT NULL DEFAULT '0' COMMENT '上级编号',
  `name` varchar(45) DEFAULT NULL COMMENT '目录名',
  `created` int(11) NOT NULL DEFAULT '0' COMMENT '创建时间',
  `sort_order` smallint(6) NOT NULL DEFAULT '0' COMMENT '排序编号',
  `published` tinyint(4) NOT NULL DEFAULT '1' COMMENT '1启用，0不启用',
  `sub_count` smallint(6) unsigned NOT NULL DEFAULT '0' COMMENT '所有下级分类的信息总数目',
  `mapping` varchar(40) DEFAULT NULL COMMENT '目录路径',
  PRIMARY KEY (`id`),
  KEY `parent_id` (`parent_id`),
  KEY `name` (`name`),
  KEY `published` (`published`),
  KEY `mapping` (`mapping`),
  KEY `channel_id` (`channel_id`)
) ENGINE=MyISAM AUTO_INCREMENT=30 DEFAULT CHARSET=utf8 COMMENT='分类表';
/*!40101 SET character_set_client = @saved_cs_client */;

--
-- Dumping data for table `abf_category`
--

LOCK TABLES `abf_category` WRITE;
/*!40000 ALTER TABLE `abf_category` DISABLE KEYS */;
INSERT INTO `abf_category` VALUES (28,1,27,'333',0,0,1,0,'26,27,'),(29,1,28,'444',0,0,1,0,'26,27,28,'),(27,1,26,'222',0,0,1,0,'26,'),(26,1,0,'111',0,0,1,0,'');
/*!40000 ALTER TABLE `abf_category` ENABLE KEYS */;
UNLOCK TABLES;

--
-- Table structure for table `abf_channel`
--

DROP TABLE IF EXISTS `abf_channel`;
/*!40101 SET @saved_cs_client     = @@character_set_client */;
/*!40101 SET character_set_client = utf8 */;
CREATE TABLE `abf_channel` (
  `id` int(11) NOT NULL AUTO_INCREMENT,
  `name` varchar(50) DEFAULT NULL,
  `title` varchar(100) DEFAULT NULL,
  `page_size` int(11) NOT NULL DEFAULT '10',
  `sort_order` int(11) NOT NULL DEFAULT '0',
  `created` int(11) NOT NULL DEFAULT '0',
  PRIMARY KEY (`id`),
  KEY `name` (`name`)
) ENGINE=MyISAM AUTO_INCREMENT=11 DEFAULT CHARSET=utf8 COMMENT='频道';
/*!40101 SET character_set_client = @saved_cs_client */;

--
-- Dumping data for table `abf_channel`
--

LOCK TABLES `abf_channel` WRITE;
/*!40000 ALTER TABLE `abf_channel` DISABLE KEYS */;
INSERT INTO `abf_channel` VALUES (1,'news','新闻信息',10,0,1428030000),(10,'photo','图片信息',10,0,1447057003);
/*!40000 ALTER TABLE `abf_channel` ENABLE KEYS */;
UNLOCK TABLES;

--
-- Table structure for table `abf_configs`
--

DROP TABLE IF EXISTS `abf_configs`;
/*!40101 SET @saved_cs_client     = @@character_set_client */;
/*!40101 SET character_set_client = utf8 */;
CREATE TABLE `abf_configs` (
  `tag` varchar(40) NOT NULL COMMENT '记标',
  `value` varchar(255) DEFAULT NULL,
  `comment` varchar(255) DEFAULT NULL COMMENT '备注',
  PRIMARY KEY (`tag`)
) ENGINE=MyISAM DEFAULT CHARSET=utf8 COMMENT='系统配置表';
/*!40101 SET character_set_client = @saved_cs_client */;

--
-- Dumping data for table `abf_configs`
--

LOCK TABLES `abf_configs` WRITE;
/*!40000 ALTER TABLE `abf_configs` DISABLE KEYS */;
INSERT INTO `abf_configs` VALUES ('admin_email','lxiangcn@qq.com','管理员邮箱'),('admin_folder','admin','后台入口路径'),('allowed_types','gif|jpg|jpeg|png|bmp','附件类型 | 隔开'),('cat_level','2','分类允许最大级别数'),('cdn_url','7xkv1j.com1.z0.glb.clouddn.com','CDN域名'),('description','OrzCMS企业建站系统，免费开源CMS，php','网站描述'),('isrewrite','0','是否伪静态'),('is_cdn','0','是否启用静态资源CDN加速'),('keywords','OrzCMS企业建站系统','关键词'),('news_comment_status','2','新闻评论设置：0，不开启；1，开启且需要审核；2，开启且不需要审核；默认为0'),('rewritetype','.html','设置伪静态后缀名'),('site_close','0','是否关闭网站'),('site_close_tip','','关闭网站提示'),('site_icp','鄂ICP2000000号','备案编号'),('site_name','基础应用框架','网站标题'),('site_url','http://www.orzm.net/','网站网址'),('theme','theme','风格模板'),('upload_encrypt_name','1','是否重新命名上传的文件名称'),('upload_max_size','1000','上传文件最大允许大小'),('upload_path','uploads','附件目录'),('upload_path_format','Ymd','目录格式'),('user_audit','1','注册用户是否需要审核，0：需要，1：不需要'),('wap_theme','wap','wap风格模板');
/*!40000 ALTER TABLE `abf_configs` ENABLE KEYS */;
UNLOCK TABLES;

--
-- Table structure for table `abf_groups`
--

DROP TABLE IF EXISTS `abf_groups`;
/*!40101 SET @saved_cs_client     = @@character_set_client */;
/*!40101 SET character_set_client = utf8 */;
CREATE TABLE `abf_groups` (
  `id` int(11) NOT NULL AUTO_INCREMENT,
  `group_name` varchar(50) DEFAULT NULL,
  `description` varchar(50) DEFAULT NULL,
  `published` tinyint(1) NOT NULL DEFAULT '1',
  PRIMARY KEY (`id`),
  UNIQUE KEY `group_name` (`group_name`)
) ENGINE=MyISAM AUTO_INCREMENT=4 DEFAULT CHARSET=utf8 COMMENT='用户分组表';
/*!40101 SET character_set_client = @saved_cs_client */;

--
-- Dumping data for table `abf_groups`
--

LOCK TABLES `abf_groups` WRITE;
/*!40000 ALTER TABLE `abf_groups` DISABLE KEYS */;
INSERT INTO `abf_groups` VALUES (1,'admin','管理员',1),(2,'members','一般用户',1),(3,'test','演示用户',1);
/*!40000 ALTER TABLE `abf_groups` ENABLE KEYS */;
UNLOCK TABLES;

--
-- Table structure for table `abf_links`
--

DROP TABLE IF EXISTS `abf_links`;
/*!40101 SET @saved_cs_client     = @@character_set_client */;
/*!40101 SET character_set_client = utf8 */;
CREATE TABLE `abf_links` (
  `id` int(11) unsigned NOT NULL AUTO_INCREMENT,
  `name` varchar(100) DEFAULT NULL COMMENT '链接名',
  `url` varchar(255) DEFAULT NULL COMMENT '网站地址',
  `img` varchar(255) DEFAULT NULL COMMENT '图片路径',
  `hits` int(11) DEFAULT '0' COMMENT '点击率',
  `created` int(11) DEFAULT NULL COMMENT '创建时间',
  `published` tinyint(1) unsigned DEFAULT '1' COMMENT '是否显示',
  PRIMARY KEY (`id`),
  KEY `name` (`name`),
  KEY `published` (`published`)
) ENGINE=MyISAM AUTO_INCREMENT=12 DEFAULT CHARSET=utf8 COMMENT='友情链接表';
/*!40101 SET character_set_client = @saved_cs_client */;

--
-- Dumping data for table `abf_links`
--

LOCK TABLES `abf_links` WRITE;
/*!40000 ALTER TABLE `abf_links` DISABLE KEYS */;
INSERT INTO `abf_links` VALUES (11,'汇博科技','http://www.huiber.cn',NULL,0,1447230781,1);
/*!40000 ALTER TABLE `abf_links` ENABLE KEYS */;
UNLOCK TABLES;

--
-- Table structure for table `abf_menus`
--

DROP TABLE IF EXISTS `abf_menus`;
/*!40101 SET @saved_cs_client     = @@character_set_client */;
/*!40101 SET character_set_client = utf8 */;
CREATE TABLE `abf_menus` (
  `id` smallint(6) unsigned NOT NULL AUTO_INCREMENT,
  `parent_id` smallint(6) unsigned NOT NULL DEFAULT '0',
  `name` varchar(20) COLLATE utf8_unicode_ci DEFAULT NULL,
  `url` varchar(255) COLLATE utf8_unicode_ci DEFAULT NULL,
  `class` varchar(50) COLLATE utf8_unicode_ci DEFAULT NULL,
  `method` varchar(50) COLLATE utf8_unicode_ci DEFAULT NULL,
  `ico` varchar(50) COLLATE utf8_unicode_ci DEFAULT NULL,
  `level` tinyint(2) DEFAULT '1',
  `is_menu` tinyint(1) NOT NULL DEFAULT '0' COMMENT '是否为菜单',
  `published` tinyint(1) NOT NULL DEFAULT '1',
  `is_system` tinyint(1) NOT NULL DEFAULT '0' COMMENT '是否系统默认菜单',
  `sort_order` tinyint(3) unsigned NOT NULL DEFAULT '0',
  PRIMARY KEY (`id`),
  KEY `published` (`published`),
  KEY `name` (`name`)
) ENGINE=MyISAM AUTO_INCREMENT=282 DEFAULT CHARSET=utf8 COLLATE=utf8_unicode_ci COMMENT='管理菜单表';
/*!40101 SET character_set_client = @saved_cs_client */;

--
-- Dumping data for table `abf_menus`
--

LOCK TABLES `abf_menus` WRITE;
/*!40000 ALTER TABLE `abf_menus` DISABLE KEYS */;
INSERT INTO `abf_menus` VALUES (1,239,'网站配置','','module_manager','admin',NULL,2,0,0,0,1),(2,239,'欢迎你','dashboard/welcome/index','dashboard/welcome','index',NULL,2,1,1,1,0),(3,239,'系统设置','dashboard/system/site','dashboard/system','site',NULL,2,1,1,1,0),(4,239,'模块管理','module_manager/admin','module_manager/admin','index',NULL,2,1,1,1,0),(5,239,'SMTP设置','admin/system/email','dashboard/system','email',NULL,1,0,0,0,0),(6,239,'API设置','admin/system/api','dashboard/system','api',NULL,1,0,0,0,0),(8,239,'模板选择','admin/template/index','dashboard/template','index',NULL,1,0,0,0,0),(9,239,'路由管理','admin/menu/index','dashboard/menu','index','fa-adjust',NULL,1,1,1,0),(10,239,'页面预览','dashboard/template/preview','dashboard/template','preview',NULL,1,0,0,0,0),(12,0,'微信','','','','fa-briefcase',NULL,1,1,0,3),(13,259,'单页列表','admin/page/index','dashboard/page','index','fa-adjust',NULL,1,1,0,4),(19,17,'产品维护','admin/product/index',NULL,NULL,NULL,1,0,1,0,0),(20,12,'产品评论','admin/product_comment/index',NULL,NULL,NULL,1,0,0,0,0),(21,14,'信息评论','admin/news_comment/index',NULL,NULL,NULL,1,0,0,0,0),(25,24,'反馈列表','admin/feedback/index',NULL,NULL,NULL,1,0,0,0,0),(26,24,'反馈设置','admin/feedback/config',NULL,NULL,NULL,1,0,0,0,0),(28,259,'链接列表','admin/link/index','dashboard/link','index','fa-adjust',NULL,1,1,0,5),(32,239,'下载中心','',NULL,NULL,NULL,1,0,0,0,10),(33,32,'分类管理','admin/download_cat/index',NULL,NULL,NULL,1,0,1,0,0),(35,32,'资料管理','admin/download/index',NULL,NULL,NULL,1,0,1,0,0),(40,55,'产品分类','admin/mall_cat/index',NULL,NULL,NULL,1,0,1,0,0),(41,55,'产品列表','admin/mall_product/index',NULL,NULL,NULL,1,0,1,0,0),(42,12,'微信设置','weixin/settings/index','weixin/settings','index',NULL,2,1,1,0,0),(43,239,'主题设置','admin/system/theme',NULL,NULL,NULL,1,0,0,0,0),(49,48,'广告位管理','admin/ad/index',NULL,NULL,NULL,1,0,1,0,1),(50,48,'广告分类','admin/ad_cat/index',NULL,NULL,NULL,1,0,1,0,0),(52,241,'用户管理','admin/member/index','auth/member','index',NULL,2,1,1,1,0),(53,241,'用户组管理','admin/group/index','auth/group','index',NULL,2,1,1,1,0),(57,55,'商城设置','admin/mall/config',NULL,NULL,NULL,1,0,0,0,0),(67,239,'注册协议设置','admin/system/terms',NULL,NULL,NULL,1,0,0,0,0),(68,239,'站点设置','sadmin/config/index',NULL,NULL,NULL,1,0,0,0,0),(72,71,'导航分类','admin/navigation_cat/index',NULL,NULL,NULL,1,0,0,0,0),(223,32,'下载评论','admin/download_comment/index',NULL,NULL,NULL,1,0,1,0,0),(235,242,'清理缓存','admin/cache/index',NULL,NULL,NULL,1,0,1,0,0),(239,0,'系统管理','','','','fa-dashboard',NULL,1,1,1,0),(241,0,'系统管理员',NULL,'','','fa-archive',NULL,1,1,1,1),(242,0,'系统扩展',NULL,'','',NULL,1,1,0,1,0),(259,0,'内容管理','','','','fa-briefcase',NULL,1,1,0,2),(261,242,'网站提交','admin/seo/index','dashboard/seo','index',NULL,2,0,1,0,5),(262,242,'网站地图','admin/seo/sitemap','dashboard/seo','sitemap',NULL,2,0,1,0,6),(264,242,'数据管理','admin/database/index','dashboard/database','index',NULL,2,1,1,1,1),(265,242,'数据恢复','admin/database/restore','dashboard/database','restore',NULL,2,1,1,1,2),(272,239,'频道管理',NULL,'archive/channel','index','fa-bullhorn',NULL,1,1,0,0),(274,12,'关注回复',NULL,'weixin/subscribe','index','fa-adjust',NULL,1,1,0,100),(275,12,'微信回复',NULL,'weixin/reply','index','fa-adjust',NULL,1,1,0,100),(276,12,'自定义菜单',NULL,'weixin/selfmenu','index','fa-adjust',NULL,1,1,0,100),(277,0,'活动',NULL,'','','fa-cloud-upload',NULL,1,1,0,100),(281,277,'投票',NULL,'activity/vote','index','fa-bookmark-o',NULL,1,1,0,100),(280,277,'大转盘',NULL,'activity/lottery','index','fa-adjust',NULL,1,1,0,99);
/*!40000 ALTER TABLE `abf_menus` ENABLE KEYS */;
UNLOCK TABLES;

--
-- Table structure for table `abf_migrations`
--

DROP TABLE IF EXISTS `abf_migrations`;
/*!40101 SET @saved_cs_client     = @@character_set_client */;
/*!40101 SET character_set_client = utf8 */;
CREATE TABLE `abf_migrations` (
  `version` bigint(20) NOT NULL
) ENGINE=MyISAM DEFAULT CHARSET=utf8;
/*!40101 SET character_set_client = @saved_cs_client */;

--
-- Dumping data for table `abf_migrations`
--

LOCK TABLES `abf_migrations` WRITE;
/*!40000 ALTER TABLE `abf_migrations` DISABLE KEYS */;
INSERT INTO `abf_migrations` VALUES (3);
/*!40000 ALTER TABLE `abf_migrations` ENABLE KEYS */;
UNLOCK TABLES;

--
-- Table structure for table `abf_navigation_cats`
--

DROP TABLE IF EXISTS `abf_navigation_cats`;
/*!40101 SET @saved_cs_client     = @@character_set_client */;
/*!40101 SET character_set_client = utf8 */;
CREATE TABLE `abf_navigation_cats` (
  `id` int(11) NOT NULL AUTO_INCREMENT,
  `cat_key` varchar(20) DEFAULT NULL COMMENT '类别标识',
  `name` varchar(100) DEFAULT NULL COMMENT '类别名称',
  `published` tinyint(1) NOT NULL DEFAULT '1' COMMENT '发布，0不显示，1显示',
  `descript` varchar(200) DEFAULT NULL COMMENT '描述',
  `sub_count` int(11) unsigned DEFAULT '0' COMMENT '该类别的条目数',
  PRIMARY KEY (`id`),
  KEY `published` (`published`),
  KEY `mapping` (`descript`),
  KEY `name` (`name`)
) ENGINE=MyISAM AUTO_INCREMENT=4 DEFAULT CHARSET=utf8;
/*!40101 SET character_set_client = @saved_cs_client */;

--
-- Dumping data for table `abf_navigation_cats`
--

LOCK TABLES `abf_navigation_cats` WRITE;
/*!40000 ALTER TABLE `abf_navigation_cats` DISABLE KEYS */;
INSERT INTO `abf_navigation_cats` VALUES (1,'topmenu','顶部导航栏',1,'在顶部的导航栏',0),(2,'footermenu','底部导航栏',1,'在底部的导航栏',0),(3,'membermenu','会员导航栏',1,'会员中心左部导航栏',0);
/*!40000 ALTER TABLE `abf_navigation_cats` ENABLE KEYS */;
UNLOCK TABLES;

--
-- Table structure for table `abf_navigations`
--

DROP TABLE IF EXISTS `abf_navigations`;
/*!40101 SET @saved_cs_client     = @@character_set_client */;
/*!40101 SET character_set_client = utf8 */;
CREATE TABLE `abf_navigations` (
  `id` int(11) unsigned NOT NULL AUTO_INCREMENT,
  `navigation_cat_id` int(11) NOT NULL DEFAULT '0',
  `name` varchar(255) DEFAULT NULL,
  `link` varchar(255) DEFAULT NULL,
  `published` tinyint(1) NOT NULL DEFAULT '0',
  `parent_id` int(11) unsigned NOT NULL DEFAULT '0',
  `sort_order` int(11) NOT NULL DEFAULT '0',
  `keywords` varchar(40) DEFAULT NULL,
  `represent` varchar(40) DEFAULT NULL,
  PRIMARY KEY (`id`)
) ENGINE=MyISAM AUTO_INCREMENT=66 DEFAULT CHARSET=utf8;
/*!40101 SET character_set_client = @saved_cs_client */;

--
-- Dumping data for table `abf_navigations`
--

LOCK TABLES `abf_navigations` WRITE;
/*!40000 ALTER TABLE `abf_navigations` DISABLE KEYS */;
INSERT INTO `abf_navigations` VALUES (28,3,'关于我们','/page/index/26',1,0,1,'',''),(33,1,'网站首页','/',1,0,1,'',''),(35,1,'人力资源','/page/index/19',1,0,6,'',''),(46,3,'首页1','/',1,0,0,'',''),(47,2,'人才招聘','/page/index/9',1,0,2,'',''),(48,2,'联系我们','/page/index/1',1,0,0,'',''),(49,2,'新闻资讯','/news/lists',1,0,0,'',''),(50,2,'产品中心','/mall/lists',1,0,0,'',''),(51,1,'下载中心','/download/lists',1,0,7,'',''),(52,1,'客户服务','/news/lists',1,52,8,'',''),(53,1,'在线反馈','/feedback/index',1,52,2,'',''),(54,1,'美味人生','/',1,0,5,'',''),(55,3,'服务承诺2','/page/index/11',1,28,0,'',''),(56,1,'保养清洁','/page/index/12',1,52,2,'',''),(57,1,'故障处理','/page/index/13',1,52,3,'',''),(58,1,'选购技巧','/news/lists',1,52,4,'',''),(59,1,'投诉建议','/page/index/15',1,52,8,'',''),(60,1,'售后服务','/page/index/16',1,52,10,'',''),(61,1,'生活小贴士','/page/index/17',1,52,11,'',''),(65,2,'客户服务1','http://',1,0,0,'','');
/*!40000 ALTER TABLE `abf_navigations` ENABLE KEYS */;
UNLOCK TABLES;

--
-- Table structure for table `abf_page_cats`
--

DROP TABLE IF EXISTS `abf_page_cats`;
/*!40101 SET @saved_cs_client     = @@character_set_client */;
/*!40101 SET character_set_client = utf8 */;
CREATE TABLE `abf_page_cats` (
  `id` int(11) NOT NULL AUTO_INCREMENT,
  `parent_id` int(11) unsigned NOT NULL DEFAULT '0' COMMENT '上级编号',
  `name` varchar(45) NOT NULL DEFAULT '' COMMENT '目录名',
  `created` int(11) NOT NULL COMMENT '创建时间',
  `sort_order` smallint(6) NOT NULL DEFAULT '0' COMMENT '排序编号',
  `published` tinyint(4) NOT NULL DEFAULT '1' COMMENT '1启用，0不启用',
  `sub_count` smallint(6) unsigned NOT NULL DEFAULT '0' COMMENT '所有下级分类的信息总数目',
  `mapping` varchar(40) DEFAULT '' COMMENT '目录路径',
  PRIMARY KEY (`id`),
  KEY `parent_id` (`parent_id`),
  KEY `name` (`name`),
  KEY `published` (`published`),
  KEY `mapping` (`mapping`)
) ENGINE=MyISAM DEFAULT CHARSET=utf8;
/*!40101 SET character_set_client = @saved_cs_client */;

--
-- Dumping data for table `abf_page_cats`
--

LOCK TABLES `abf_page_cats` WRITE;
/*!40000 ALTER TABLE `abf_page_cats` DISABLE KEYS */;
/*!40000 ALTER TABLE `abf_page_cats` ENABLE KEYS */;
UNLOCK TABLES;

--
-- Table structure for table `abf_pages`
--

DROP TABLE IF EXISTS `abf_pages`;
/*!40101 SET @saved_cs_client     = @@character_set_client */;
/*!40101 SET character_set_client = utf8 */;
CREATE TABLE `abf_pages` (
  `id` int(11) unsigned NOT NULL AUTO_INCREMENT,
  `title` varchar(40) DEFAULT NULL COMMENT '主题',
  `page_cat_id` int(11) unsigned DEFAULT '0' COMMENT '分类编号',
  `published` tinyint(1) unsigned NOT NULL DEFAULT '1' COMMENT '状态：0，不发布；1，发布',
  `hits` smallint(6) unsigned NOT NULL DEFAULT '0' COMMENT '点击次数',
  `content` text COMMENT '内容',
  `created` int(11) unsigned DEFAULT NULL COMMENT '创建时间',
  `image` varchar(255) DEFAULT NULL COMMENT '图像附件',
  `keywords` varchar(40) DEFAULT NULL COMMENT '关键词',
  `description` varchar(100) DEFAULT NULL COMMENT '描述信息',
  PRIMARY KEY (`id`),
  KEY `page_cat_id` (`page_cat_id`),
  KEY `published` (`published`),
  KEY `title` (`title`)
) ENGINE=MyISAM AUTO_INCREMENT=9 DEFAULT CHARSET=utf8;
/*!40101 SET character_set_client = @saved_cs_client */;

--
-- Dumping data for table `abf_pages`
--

LOCK TABLES `abf_pages` WRITE;
/*!40000 ALTER TABLE `abf_pages` DISABLE KEYS */;
INSERT INTO `abf_pages` VALUES (2,'关于我们',0,1,0,'关于我们sssssssssss',1426658923,NULL,'关于我们','关于我们'),(3,'明朗口腔',NULL,1,0,'明朗口腔',1435039803,NULL,'明朗口腔','明朗口腔'),(8,'&lt;script&gt;a&lt;/script&gt;',NULL,1,0,'',1442037493,NULL,'&lt;script&gt;a&lt;/script&gt;','&lt;script&gt;a&lt;/script&gt;');
/*!40000 ALTER TABLE `abf_pages` ENABLE KEYS */;
UNLOCK TABLES;

--
-- Table structure for table `abf_sessions`
--

DROP TABLE IF EXISTS `abf_sessions`;
/*!40101 SET @saved_cs_client     = @@character_set_client */;
/*!40101 SET character_set_client = utf8 */;
CREATE TABLE `abf_sessions` (
  `id` varchar(40) NOT NULL,
  `ip_address` varchar(45) NOT NULL,
  `timestamp` int(10) unsigned NOT NULL DEFAULT '0',
  `data` blob NOT NULL,
  PRIMARY KEY (`id`),
  KEY `orz_sessions_timestamp` (`timestamp`)
) ENGINE=MyISAM DEFAULT CHARSET=utf8;
/*!40101 SET character_set_client = @saved_cs_client */;

--
-- Dumping data for table `abf_sessions`
--

LOCK TABLES `abf_sessions` WRITE;
/*!40000 ALTER TABLE `abf_sessions` DISABLE KEYS */;
/*!40000 ALTER TABLE `abf_sessions` ENABLE KEYS */;
UNLOCK TABLES;

--
-- Table structure for table `abf_user_access`
--

DROP TABLE IF EXISTS `abf_user_access`;
/*!40101 SET @saved_cs_client     = @@character_set_client */;
/*!40101 SET character_set_client = utf8 */;
CREATE TABLE `abf_user_access` (
  `group_id` int(10) unsigned NOT NULL DEFAULT '0',
  `menu_id` int(10) unsigned NOT NULL DEFAULT '0',
  `parent_node_id` int(10) unsigned NOT NULL DEFAULT '0',
  `level` tinyint(1) unsigned NOT NULL DEFAULT '0',
  KEY `group_id` (`group_id`) USING BTREE,
  KEY `node_id` (`menu_id`) USING BTREE
) ENGINE=MyISAM DEFAULT CHARSET=utf8;
/*!40101 SET character_set_client = @saved_cs_client */;

--
-- Dumping data for table `abf_user_access`
--

LOCK TABLES `abf_user_access` WRITE;
/*!40000 ALTER TABLE `abf_user_access` DISABLE KEYS */;
INSERT INTO `abf_user_access` VALUES (4,29,0,0),(4,28,0,0),(4,27,0,0),(4,26,0,0),(4,25,0,0),(4,24,0,0),(4,23,0,0),(4,22,0,0),(4,21,0,0),(4,20,0,0),(4,19,0,0),(4,18,0,0),(4,17,0,0),(4,16,0,0),(4,15,0,0),(4,14,0,0),(4,13,0,0),(4,12,0,0),(4,11,0,0),(4,10,0,0),(4,9,0,0),(4,8,0,0),(4,7,0,0),(4,6,0,0),(4,5,0,0),(4,4,0,0),(4,3,0,0),(4,2,0,0),(4,1,0,0),(4,0,0,0),(2,2,0,0),(2,239,0,0);
/*!40000 ALTER TABLE `abf_user_access` ENABLE KEYS */;
UNLOCK TABLES;

--
-- Table structure for table `abf_user_groups`
--

DROP TABLE IF EXISTS `abf_user_groups`;
/*!40101 SET @saved_cs_client     = @@character_set_client */;
/*!40101 SET character_set_client = utf8 */;
CREATE TABLE `abf_user_groups` (
  `user_id` int(10) unsigned NOT NULL DEFAULT '0',
  `group_id` int(10) unsigned NOT NULL DEFAULT '0',
  KEY `user_id` (`user_id`) USING BTREE,
  KEY `group_id` (`group_id`) USING BTREE
) ENGINE=MyISAM DEFAULT CHARSET=utf8;
/*!40101 SET character_set_client = @saved_cs_client */;

--
-- Dumping data for table `abf_user_groups`
--

LOCK TABLES `abf_user_groups` WRITE;
/*!40000 ALTER TABLE `abf_user_groups` DISABLE KEYS */;
INSERT INTO `abf_user_groups` VALUES (1,1),(11,2),(12,2),(10,2);
/*!40000 ALTER TABLE `abf_user_groups` ENABLE KEYS */;
UNLOCK TABLES;

--
-- Table structure for table `abf_user_login_attempts`
--

DROP TABLE IF EXISTS `abf_user_login_attempts`;
/*!40101 SET @saved_cs_client     = @@character_set_client */;
/*!40101 SET character_set_client = utf8 */;
CREATE TABLE `abf_user_login_attempts` (
  `id` int(11) NOT NULL AUTO_INCREMENT,
  `ip_address` varchar(20) DEFAULT NULL,
  `login` varchar(100) DEFAULT NULL,
  `time` int(11) DEFAULT NULL,
  PRIMARY KEY (`id`),
  KEY `login` (`login`)
) ENGINE=MyISAM AUTO_INCREMENT=23 DEFAULT CHARSET=utf8;
/*!40101 SET character_set_client = @saved_cs_client */;

--
-- Dumping data for table `abf_user_login_attempts`
--

LOCK TABLES `abf_user_login_attempts` WRITE;
/*!40000 ALTER TABLE `abf_user_login_attempts` DISABLE KEYS */;
/*!40000 ALTER TABLE `abf_user_login_attempts` ENABLE KEYS */;
UNLOCK TABLES;

--
-- Table structure for table `abf_users`
--

DROP TABLE IF EXISTS `abf_users`;
/*!40101 SET @saved_cs_client     = @@character_set_client */;
/*!40101 SET character_set_client = utf8 */;
CREATE TABLE `abf_users` (
  `id` int(10) unsigned NOT NULL AUTO_INCREMENT COMMENT '用户id',
  `openid` varchar(128) DEFAULT NULL COMMENT 'openid',
  `username` varchar(50) DEFAULT NULL COMMENT '昵称',
  `nickname` varchar(64) DEFAULT NULL,
  `password` varchar(64) DEFAULT NULL COMMENT '密码',
  `email` varchar(100) DEFAULT NULL COMMENT '邮箱',
  `salt` char(6) DEFAULT NULL COMMENT '混淆码',
  `gender` enum('male','female') DEFAULT NULL COMMENT '性别',
  `active` tinyint(1) DEFAULT '1' COMMENT '审核状态：0，未审核；1，通过；2，未通过；',
  `logins` int(11) DEFAULT '0' COMMENT '登录次数',
  `last_login` int(11) DEFAULT NULL COMMENT '最后登录时间',
  `avatar_remote` varchar(255) DEFAULT '' COMMENT '头像',
  `token` varchar(40) DEFAULT NULL COMMENT '令牌',
  `created` int(11) DEFAULT NULL COMMENT '创建时间',
  `ip_address` varchar(15) DEFAULT NULL,
  `lost_password_key` varchar(40) DEFAULT '' COMMENT '忘记密码找回密码Key',
  `lost_password_expire` int(11) DEFAULT '0' COMMENT '忘记密码找回密码时间戳',
  PRIMARY KEY (`id`)
) ENGINE=MyISAM AUTO_INCREMENT=13 DEFAULT CHARSET=utf8;
/*!40101 SET character_set_client = @saved_cs_client */;

--
-- Dumping data for table `abf_users`
--

LOCK TABLES `abf_users` WRITE;
/*!40000 ALTER TABLE `abf_users` DISABLE KEYS */;
INSERT INTO `abf_users` VALUES (1,NULL,'admin',NULL,'b1b1b5e8b00fd4bba028566e0f717b97d3f927c8','lxiangcn@qq.com','a11679','male',1,65,1447981843,'','5531571258853599255b79239ac758293b94b9a0',1426144388,NULL,'',0),(11,'owwoat21RMtLCrRx9zuXg-_Q4W_c','owwoat21RMtLCrRx9zuXg-_Q4W_c','王一二','243f54a0457e815dda58673079eddf88d9d3034a','1447311987@weixin.com','f15259','male',1,0,1447311987,'',NULL,1447311987,'219.133.40.15','',0),(10,'owwoat1nLvm_WP95vfeA2iTgkzEQ','owwoat1nLvm_WP95vfeA2iTgkzEQ','栁祥','a8501660040f72d01caf99e9c74bcc5858ce04e1','1447230399@weixin.com','6bfb64','male',1,0,1447230399,'',NULL,1447230399,'123.103.8.86','',0),(12,'owwoat_N8oagcAktGJT5iY4OCzNU','owwoat_N8oagcAktGJT5iY4OCzNU','潘智胜','029dc7658692ade700606560e886bcabbd94285e','1447393724@weixin.com','14d13b','male',1,0,1447393724,'',NULL,1447393724,'14.17.37.69','',0);
/*!40000 ALTER TABLE `abf_users` ENABLE KEYS */;
UNLOCK TABLES;

--
-- Table structure for table `abf_wechat_menu`
--

DROP TABLE IF EXISTS `abf_wechat_menu`;
/*!40101 SET @saved_cs_client     = @@character_set_client */;
/*!40101 SET character_set_client = utf8 */;
CREATE TABLE `abf_wechat_menu` (
  `id` int(11) NOT NULL AUTO_INCREMENT COMMENT 'id',
  `parent_id` int(11) NOT NULL DEFAULT '0' COMMENT '父级id',
  `name` varchar(10) DEFAULT NULL COMMENT '菜单名称',
  `type` enum('click','view') NOT NULL COMMENT '菜单类型',
  `keywords` varchar(1000) DEFAULT NULL COMMENT '关键词，click请填写回复的信息，ciew填写跳转的url',
  `sort_order` int(11) NOT NULL DEFAULT '0' COMMENT '排序',
  `mapping` varchar(100) DEFAULT NULL COMMENT 'mapping',
  PRIMARY KEY (`id`)
) ENGINE=MyISAM AUTO_INCREMENT=20 DEFAULT CHARSET=utf8;
/*!40101 SET character_set_client = @saved_cs_client */;

--
-- Dumping data for table `abf_wechat_menu`
--

LOCK TABLES `abf_wechat_menu` WRITE;
/*!40000 ALTER TABLE `abf_wechat_menu` DISABLE KEYS */;
INSERT INTO `abf_wechat_menu` VALUES (1,0,'测试测试','click','顽强的顽强的顽强的',2,''),(3,0,'国内新闻','click','武汉市武汉市武汉市',0,''),(4,0,'腾讯新闻','view','http://www.qq.com',1,''),(5,3,'国内新闻','click','武汉市武汉市武汉市',0,'3,'),(6,3,'国内新闻','click','武汉市武汉市武汉市',0,'3,'),(7,3,'国内新闻','click','http://www.qq.com',0,'3,'),(8,4,'腾讯新闻','click','http://www.qq.com',0,'4,'),(9,1,'测试测试','click','测试测试',0,'1,'),(10,3,'国内新闻','click','武汉市武汉市武汉市',0,'3,'),(11,3,'国内新闻','click','http://www.qq.com',0,'3,'),(12,4,'腾讯新闻','click','http://www.qq.com',0,'4,'),(13,4,'腾讯新闻','click','http://www.qq.com',0,'4,'),(14,4,'腾讯新闻','click','腾讯新闻',0,'4,'),(15,4,'腾讯新闻','click','腾讯新闻',0,'4,'),(16,1,'测试测试','click','测试测试',0,'1,'),(17,1,'测试测试','click','测试测试',0,'1,'),(18,1,'测试测试','click','测试测试',0,'1,'),(19,1,'测试测试','click','测试测试',0,'1,');
/*!40000 ALTER TABLE `abf_wechat_menu` ENABLE KEYS */;
UNLOCK TABLES;

--
-- Table structure for table `abf_wechat_reply`
--

DROP TABLE IF EXISTS `abf_wechat_reply`;
/*!40101 SET @saved_cs_client     = @@character_set_client */;
/*!40101 SET character_set_client = utf8 */;
CREATE TABLE `abf_wechat_reply` (
  `id` int(10) unsigned NOT NULL AUTO_INCREMENT,
  `title` varchar(255) NOT NULL COMMENT '标题',
  `content` text NOT NULL COMMENT '内容',
  `description` varchar(255) NOT NULL COMMENT '描述',
  `published` tinyint(1) unsigned NOT NULL DEFAULT '0' COMMENT '有效标识',
  PRIMARY KEY (`id`)
) ENGINE=MyISAM AUTO_INCREMENT=29 DEFAULT CHARSET=utf8;
/*!40101 SET character_set_client = @saved_cs_client */;

--
-- Dumping data for table `abf_wechat_reply`
--

LOCK TABLES `abf_wechat_reply` WRITE;
/*!40000 ALTER TABLE `abf_wechat_reply` DISABLE KEYS */;
INSERT INTO `abf_wechat_reply` VALUES (2,'接收到用户订阅事件','接收到用户订阅事件接收到用户订阅事件接收到用户订阅事件接收到用户订阅事件接收到用户订阅事件','1',1),(5,'您输入的消息暂时无法识别, 请稍后重试!','您输入的消息暂时无法识别, 请稍后重试!您输入的消息暂时无法识别, 请稍后重试!您输入的消息暂时无法识别, 请稍后重试!','1',1),(6,'无效的命令','哈哈哈哈哈哈哈哈哈哈','1',1),(9,'参数格式不正确','额，是有点不一样','1',1),(10,'保存用户信息失败','说你失败，你还点，点毛线啊','1',1),(11,'暂停服务中','暂停服务中，就是不告诉你不原因，你能拿我怎么样','1',1);
/*!40000 ALTER TABLE `abf_wechat_reply` ENABLE KEYS */;
UNLOCK TABLES;

--
-- Table structure for table `abf_wechat_settings`
--

DROP TABLE IF EXISTS `abf_wechat_settings`;
/*!40101 SET @saved_cs_client     = @@character_set_client */;
/*!40101 SET character_set_client = utf8 */;
CREATE TABLE `abf_wechat_settings` (
  `key` varchar(200) NOT NULL DEFAULT '''''',
  `value` varchar(200) DEFAULT NULL,
  PRIMARY KEY (`key`)
) ENGINE=MyISAM DEFAULT CHARSET=utf8;
/*!40101 SET character_set_client = @saved_cs_client */;

--
-- Dumping data for table `abf_wechat_settings`
--

LOCK TABLES `abf_wechat_settings` WRITE;
/*!40000 ALTER TABLE `abf_wechat_settings` DISABLE KEYS */;
INSERT INTO `abf_wechat_settings` VALUES ('access_token','001Ol6dgTYE2aOMsCDIRwk2EeZ0PI5sTvjOILjZ1zF6IidKThnOSri8dkAa162RwRKlNSe16tH6kNIe9fHipbLzlawdsjTlcE13v2mSiULwZKVfAHAGRC'),('access_token_expire_time','1447430691'),('appid','wx7b8cd3c4529da6b9'),('appsecret','52fd102e709cb55bb5d9ca2101935b0e'),('cmd_expire_time','300'),('cmd_sign','#'),('help_keyword','亲，您的问题不够详细哟，我不能明白您的意思～'),('pause_notice','系统维护中，请稍后访问'),('run_mode','pause'),('token','sitecms'),('event_cmd_prefix','cmd_'),('encodingaeskey',''),('subscribetext','欢迎关注，基础应用框架开源框架期待你的加入，贡献。'),('merchantid',NULL),('paysignkey',NULL);
/*!40000 ALTER TABLE `abf_wechat_settings` ENABLE KEYS */;
UNLOCK TABLES;
/*!40103 SET TIME_ZONE=@OLD_TIME_ZONE */;

/*!40101 SET SQL_MODE=@OLD_SQL_MODE */;
/*!40014 SET FOREIGN_KEY_CHECKS=@OLD_FOREIGN_KEY_CHECKS */;
/*!40014 SET UNIQUE_CHECKS=@OLD_UNIQUE_CHECKS */;
/*!40101 SET CHARACTER_SET_CLIENT=@OLD_CHARACTER_SET_CLIENT */;
/*!40101 SET CHARACTER_SET_RESULTS=@OLD_CHARACTER_SET_RESULTS */;
/*!40101 SET COLLATION_CONNECTION=@OLD_COLLATION_CONNECTION */;
/*!40111 SET SQL_NOTES=@OLD_SQL_NOTES */;

-- Dump completed on 2015-11-20 11:28:39
